repo,run,era,start_utc,end_utc,minutes,attribution,min_a,min_b,min_c,min_d,min_e,min_f,attended_frac,top_reason,evidence
aiur,wakeboot-2026-08-18T22:32Z,pre-log,2026-08-18T23:48Z,2026-08-19T03:03Z,194.6,d,0,0,0,195,0,0,0.0,no capacity: fleet capacity starved (load governor) (never resolved in that daemon boot),"wake system.fleet.capacity.starved @2026-08-18T22:36Z, no resolution before boot end 2026-08-19T03:06Z (2026-08-18T22:36Z->2026-08-19T03:06Z) | wake system.dispatch.prewarm_blocked -> system.dispatch.prewarm_blocked.resolved (2026-08-18T23:50Z->2026-08-19T00:00Z) | labels at start: ci-wait=3, error=3, human-review=7, in-progress=2, rework=2, todo=1 | human-review tickets (age h): #2181(0) #2137(0) #2081(1) #2069(1) #2167(1) | executor-active-min=0 agent-active-min=0 human-msgs-min=0 | last progress: gh:unlabeled:agent:in-progress by its-applekid #2181 @2026-08-18T23:48Z | next progress: review:APPROVED by its-everdred #pr2178 @2026-08-19T03:03Z"
aiur,wakeboot-2026-08-19T03:09Z,pre-log,2026-08-19T03:09Z,2026-08-19T05:40Z,150.6,d,17,0,0,134,0,0,0.0,no capacity: fleet capacity starved (load governor) (never resolved in that daemon boot),"wake system.dispatch.prewarm_blocked -> system.dispatch.prewarm_blocked.resolved (2026-08-19T03:10Z->2026-08-19T03:11Z) | wake system.dispatch.prewarm_blocked -> system.dispatch.prewarm_blocked.resolved (2026-08-19T03:12Z->2026-08-19T03:12Z) | labels at start: ci-wait=3, error=3, in-progress=2, rework=2, todo=1 | executor-active-min=0 agent-active-min=0 human-msgs-min=0 | last progress: gh:head_ref_force_pushed by its-everdred #2184 @2026-08-19T03:08Z | next progress: gh:labeled:bug by its-everdred #2185 @2026-08-19T05:42Z"
aiur,wakeboot-2026-08-19T05:43Z,pre-log,2026-08-19T05:43Z,2026-08-19T06:12Z,29.2,d,1,0,0,28,0,0,0.0,no capacity: prewarm blocked,"wake system.dispatch.prewarm_blocked -> system.dispatch.prewarm_blocked.resolved (2026-08-19T05:43Z->2026-08-19T06:04Z) | wake system.dispatch.capacity_starved -> system.dispatch.capacity_starved.resolved (2026-08-19T05:54Z->2026-08-19T06:12Z) | labels at start: ci-wait=3, error=3, in-progress=2, rework=2, todo=2 | executor-active-min=0 agent-active-min=0 human-msgs-min=0 | last progress: gh:labeled:agent:todo by its-everdred #2185 @2026-08-19T05:42Z | next progress: gh:labeled:agent:in-progress by its-applekid #2185 @2026-08-19T06:12Z"
aiur,wakeboot-2026-08-19T05:43Z,pre-log,2026-08-19T06:33Z,2026-08-19T13:11Z,397.3,d,0,0,0,398,0,0,0.0,no capacity: fleet capacity starved (load governor) (never resolved in that daemon boot),"wake system.fleet.capacity.starved @2026-08-19T05:54Z, no resolution before boot end 2026-08-19T13:11Z (2026-08-19T05:54Z->2026-08-19T13:11Z) | wake system.dispatch.prewarm_blocked -> system.dispatch.prewarm_blocked.resolved (2026-08-19T06:33Z->2026-08-19T06:35Z) | labels at start: ci-wait=3, error=3, human-review=1, in-progress=2, rework=2, todo=1 | human-review tickets (age h): #2185(0) | executor-active-min=0 agent-active-min=0 human-msgs-min=0 | last progress: gh:unlabeled:agent:in-progress by its-applekid #2185 @2026-08-19T06:33Z | next progress: pr:opened by its-everdred #pr2188 @2026-08-19T16:40Z"
aiur,wakeboot-2026-08-19T13:21Z,pre-log,2026-08-19T13:21Z,2026-08-19T16:40Z,198.8,d,1,0,0,198,0,0,0.0,no capacity: dispatch capacity starved,"wake system.dispatch.prewarm_blocked -> system.dispatch.prewarm_blocked.resolved (2026-08-19T13:21Z->2026-08-19T13:42Z) | wake system.dispatch.capacity_starved -> system.dispatch.capacity_starved.resolved (2026-08-19T13:31Z->2026-08-19T18:25Z) | labels at start: ci-wait=3, error=3, human-review=1, in-progress=2, rework=2, todo=1 | human-review tickets (age h): #2185(7) | executor-active-min=0 agent-active-min=0 human-msgs-min=0 | last progress: gh:unlabeled:agent:in-progress by its-applekid #2185 @2026-08-19T06:33Z | next progress: pr:opened by its-everdred #pr2188 @2026-08-19T16:40Z"
aiur,wakeboot-2026-08-19T13:21Z,pre-log,2026-08-19T16:49Z,2026-08-19T23:51Z,422.2,d,0,0,0,422,0,0,0.0,no capacity: fleet capacity starved (load governor) (never resolved in that daemon boot),"wake system.dispatch.capacity_starved -> system.dispatch.capacity_starved.resolved (2026-08-19T13:31Z->2026-08-19T18:25Z) | wake system.fleet.capacity.starved @2026-08-19T13:31Z, no resolution before boot end 2026-08-20T02:51Z (2026-08-19T13:31Z->2026-08-20T02:51Z) | labels at start: ci-wait=3, error=3, human-review=1, in-progress=2, rework=2, todo=1 | human-review tickets (age h): #2185(10) | executor-active-min=0 agent-active-min=0 human-msgs-min=0 | last progress: gh:review_requested by its-everdred #2190 @2026-08-19T16:49Z | next progress: pr:opened by its-everdred #pr2192 @2026-08-19T23:51Z"
aiur,wakeboot-2026-08-19T13:21Z,pre-log,2026-08-20T00:02Z,2026-08-20T02:41Z,158.5,d,0,0,0,159,0,0,0.0,no capacity: fleet capacity starved (load governor) (never resolved in that daemon boot),"wake system.fleet.capacity.starved @2026-08-19T13:31Z, no resolution before boot end 2026-08-20T02:51Z (2026-08-19T13:31Z->2026-08-20T02:51Z) | wake system.dispatch.prewarm_blocked -> system.dispatch.prewarm_blocked.resolved (2026-08-19T23:59Z->2026-08-20T00:09Z) | labels at start: ci-wait=3, error=3, human-review=1, in-progress=2, rework=2, todo=1 | human-review tickets (age h): #2185(17) | executor-active-min=0 agent-active-min=0 human-msgs-min=0 | last progress: gh:closed by its-everdred #2191 @2026-08-20T00:02Z | next progress: gh:unlabeled:agent:human-review by aiur-daemon[bot] #2185 @2026-08-20T02:41Z"
aiur,wakeboot-2026-08-20T02:53Z,pre-log,2026-08-20T02:53Z,2026-08-20T03:33Z,40.5,d,1,0,0,39,0,0,0.0,no capacity: prewarm blocked,"wake system.dispatch.prewarm_blocked -> system.dispatch.prewarm_blocked.resolved (2026-08-20T02:53Z->2026-08-20T03:33Z) | wake system.dispatch.capacity_starved @2026-08-20T03:13Z, no resolution before boot end 2026-08-20T03:33Z (2026-08-20T03:13Z->2026-08-20T03:33Z) | labels at start: ci-wait=3, error=3, in-progress=2, rework=2, todo=1 | executor-active-min=0 agent-active-min=0 human-msgs-min=0 | last progress: gh:unlabeled:agent:done by aiur-daemon[bot] #2185 @2026-08-20T02:52Z | next progress: pr:opened by its-everdred #pr2193 @2026-08-20T03:44Z"
aiur,wakeboot-2026-08-20T03:43Z,pre-log,2026-08-20T03:55Z,2026-08-20T04:15Z,20.3,d,0,0,0,20,0,0,0.0,no capacity: dispatch capacity starved (never resolved in that daemon boot),"wake system.dispatch.prewarm_blocked -> system.dispatch.prewarm_blocked.resolved (2026-08-20T03:43Z->2026-08-20T03:55Z) | wake system.dispatch.capacity_starved @2026-08-20T03:53Z, no resolution before boot end 2026-08-20T04:15Z (2026-08-20T03:53Z->2026-08-20T04:15Z) | labels at start: ci-wait=3, error=3, in-progress=2, rework=2, todo=1 | executor-active-min=0 agent-active-min=0 human-msgs-min=0 | last progress: gh:closed by its-everdred #2194 @2026-08-20T03:55Z | next progress: pr:opened by its-everdred #pr2196 @2026-08-20T04:38Z"
aiur,wakeboot-2026-08-20T04:35Z,pre-log,2026-08-20T04:49Z,2026-08-20T05:29Z,40.4,d,0,0,0,40,0,0,0.0,no capacity: dispatch capacity starved (never resolved in that daemon boot),"wake system.dispatch.prewarm_blocked -> system.dispatch.prewarm_blocked.resolved (2026-08-20T04:35Z->2026-08-20T04:49Z) | wake system.dispatch.capacity_starved @2026-08-20T04:45Z, no resolution before boot end 2026-08-20T05:29Z (2026-08-20T04:45Z->2026-08-20T05:29Z) | labels at start: ci-wait=3, error=3, in-progress=2, rework=2, todo=1 | executor-active-min=0 agent-active-min=0 human-msgs-min=0 | last progress: gh:closed by its-everdred #2195 @2026-08-20T04:49Z | next progress: pr:opened by its-everdred #pr2198 @2026-08-20T05:43Z"
aiur,wakeboot-2026-08-20T05:57Z,pre-log,2026-08-20T05:57Z,2026-08-21T02:38Z,1240.8,d,2,0,0,1239,0,0,0.104,no capacity: fleet capacity starved (load governor) (never resolved in that daemon boot),"wake system.dispatch.prewarm_blocked -> system.dispatch.prewarm_blocked.resolved (2026-08-20T05:58Z->2026-08-20T06:38Z) | wake system.dispatch.capacity_starved -> system.dispatch.capacity_starved.resolved (2026-08-20T06:18Z->2026-08-20T11:31Z) | labels at start: ci-wait=3, error=3, in-progress=2, rework=2, todo=1 | executor-active-min=2 agent-active-min=0 human-msgs-min=0 | last progress: pr:merged by its-everdred #pr2199 @2026-08-20T05:57Z | next progress: gh:labeled:agent:todo by its-everdred #2200 @2026-08-21T02:38Z"
aiur,wakeboot-2026-08-20T05:57Z,pre-log,2026-08-21T02:43Z,2026-08-21T03:02Z,19.2,f,0,0,0,0,0,19,0.99,agents working (no output yet),"wake system.fleet.capacity.starved @2026-08-20T06:18Z, no resolution before boot end 2026-08-21T03:06Z (2026-08-20T06:18Z->2026-08-21T03:06Z) | wake system.dispatch.prewarm_blocked -> system.dispatch.prewarm_blocked.resolved (2026-08-21T02:43Z->2026-08-21T02:43Z) | labels at start: ci-wait=3, error=3, in-progress=2, rework=5, todo=2 | executor-active-min=1 agent-active-min=19 human-msgs-min=0 | last progress: gh:labeled:agent:rework by its-everdred #2076 @2026-08-21T02:43Z | next progress: wake:ticket.branch.push by agent/wake #2138 @2026-08-21T03:02Z"
aiur,wakeboot-2026-08-21T03:13Z,pre-log,2026-08-21T03:24Z,2026-08-21T04:00Z,36.5,d,0,0,0,27,0,9,0.986,no capacity: dispatch capacity starved,"wake system.dispatch.capacity_starved -> system.dispatch.capacity_starved.resolved (2026-08-21T03:15Z->2026-08-21T03:51Z) | wake system.fleet.capacity.backoff -> system.fleet.capacity.resumed (2026-08-21T03:24Z->2026-08-21T03:51Z) | labels at start: ci-wait=3, error=3, in-progress=2, rework=5, todo=3 | executor-active-min=6 agent-active-min=9 human-msgs-min=2 | last progress: comment by its-everdred #2201 @2026-08-21T03:24Z | next progress: exec:control by executor # @2026-08-21T04:00Z"
aiur,wakeboot-2026-08-21T03:13Z,pre-log,2026-08-21T04:02Z,2026-08-21T04:37Z,34.7,f,0,0,9,4,0,22,1.009,agents working (no output yet),"wake system.fleet.capacity.starved -> system.fleet.capacity.starved.resolved (2026-08-21T03:53Z->2026-08-21T04:17Z) | wake system.dispatch.prewarm_blocked -> system.dispatch.prewarm_blocked.resolved (2026-08-21T04:00Z->2026-08-21T04:04Z) | labels at start: ci-wait=3, error=3, in-progress=2, rework=5, todo=4 | executor-active-min=19 agent-active-min=12 human-msgs-min=5 | last progress: exec:control by executor # @2026-08-21T04:02Z | next progress: pr:opened by its-applekid #pr2203 @2026-08-21T04:37Z"
aiur,wakeboot-2026-08-21T03:13Z,pre-log,2026-08-21T04:48Z,2026-08-21T05:13Z,24.3,c,0,0,20,5,0,0,1.028,Executor active on this repo while dispatchable work sat undispatched (stranded),"wake system.fleet.capacity.backoff -> system.fleet.capacity.resumed (2026-08-21T04:40Z->2026-08-21T04:51Z) | wake system.dispatch.prewarm_blocked -> system.dispatch.prewarm_blocked.resolved (2026-08-21T04:48Z->2026-08-21T04:51Z) | labels at start: ci-wait=3, error=3, in-progress=2, rework=5, todo=8 | executor-active-min=6 agent-active-min=0 human-msgs-min=0 | last progress: gh:labeled:priority:2 by its-everdred #2209 @2026-08-21T04:48Z | next progress: review:APPROVED by its-everdred #pr2204 @2026-08-21T05:13Z"
aiur,wakeboot-2026-08-21T03:13Z,pre-log,2026-08-21T05:42Z,2026-08-21T06:24Z,42.1,d,0,0,19,23,0,0,0.997,no capacity: prewarm blocked (never resolved in that daemon boot),"wake system.dispatch.prewarm_blocked @2026-08-21T06:00Z, no resolution before boot end 2026-08-21T06:28Z (2026-08-21T06:00Z->2026-08-21T06:28Z) | wake system.dispatch.capacity_starved @2026-08-21T06:20Z, no resolution before boot end 2026-08-21T06:28Z (2026-08-21T06:20Z->2026-08-21T06:28Z) | labels at start: ci-wait=3, error=3, in-progress=2, rework=5, todo=11 | executor-active-min=10 agent-active-min=0 human-msgs-min=0 | last progress: pr:opened by its-applekid #pr2217 @2026-08-21T05:42Z | next progress: pr:opened by its-applekid #pr2218 @2026-08-21T06:24Z"
aiur,wakeboot-2026-08-21T06:38Z,pre-log,2026-08-21T06:42Z,2026-08-21T07:05Z,23.4,d,0,0,0,23,0,0,0.985,no capacity: prewarm blocked,"wake system.dispatch.prewarm_blocked -> system.dispatch.prewarm_blocked.resolved (2026-08-21T06:39Z->2026-08-21T07:02Z) | wake system.dispatch.capacity_starved @2026-08-21T06:42Z, no resolution before boot end 2026-08-21T08:30Z (2026-08-21T06:42Z->2026-08-21T08:30Z) | labels at start: ci-wait=3, error=3, in-progress=2, rework=5, todo=12 | executor-active-min=6 agent-active-min=0 human-msgs-min=0 | last progress: gh:labeled:priority:2 by its-everdred #2219 @2026-08-21T06:42Z | next progress: review:APPROVED by its-everdred #pr2215 @2026-08-21T07:05Z"
aiur,wakeboot-2026-08-21T06:38Z,pre-log,2026-08-21T07:31Z,2026-08-21T07:55Z,24.2,d,0,0,0,24,0,0,0.99,no capacity: dispatch capacity starved (never resolved in that daemon boot),"wake system.dispatch.capacity_starved @2026-08-21T06:42Z, no resolution before boot end 2026-08-21T08:30Z (2026-08-21T06:42Z->2026-08-21T08:30Z) | wake system.dispatch.prewarm_blocked -> system.dispatch.prewarm_blocked.resolved (2026-08-21T07:44Z->2026-08-21T08:04Z) | labels at start: ci-wait=3, error=3, in-progress=2, rework=5, todo=14 | executor-active-min=6 agent-active-min=0 human-msgs-min=0 | last progress: gh:head_ref_force_pushed by its-everdred #2217 @2026-08-21T07:31Z | next progress: pr:opened by its-applekid #pr2222 @2026-08-21T07:55Z"
aiur,wakeboot-2026-08-21T06:38Z,pre-log,2026-08-21T07:56Z,2026-08-21T08:19Z,22.9,d,0,0,0,23,0,0,1.005,no capacity: dispatch capacity starved (never resolved in that daemon boot),"wake system.dispatch.capacity_starved @2026-08-21T06:42Z, no resolution before boot end 2026-08-21T08:30Z (2026-08-21T06:42Z->2026-08-21T08:30Z) | wake system.dispatch.prewarm_blocked -> system.dispatch.prewarm_blocked.resolved (2026-08-21T07:44Z->2026-08-21T08:04Z) | labels at start: ci-wait=3, error=3, in-progress=2, rework=5, todo=14 | executor-active-min=3 agent-active-min=0 human-msgs-min=0 | last progress: comment by its-everdred #2215 @2026-08-21T07:56Z | next progress: review:APPROVED by its-everdred #pr2222 @2026-08-21T08:19Z"
aiur,wakeboot-2026-08-21T08:41Z,pre-log,2026-08-21T08:44Z,2026-08-21T09:12Z,27.8,d,0,0,0,17,0,11,1.007,no capacity: prewarm blocked,"wake system.dispatch.prewarm_blocked -> system.dispatch.prewarm_blocked.resolved (2026-08-21T08:42Z->2026-08-21T09:01Z) | wake system.dispatch.capacity_starved -> system.dispatch.capacity_starved.resolved (2026-08-21T08:44Z->2026-08-21T10:09Z) | labels at start: ci-wait=3, error=3, in-progress=2, rework=5, todo=15 | executor-active-min=8 agent-active-min=11 human-msgs-min=0 | last progress: gh:labeled:priority:2 by its-everdred #2223 @2026-08-21T08:44Z | next progress: comment by its-everdred #2214 @2026-08-21T09:12Z"
aiur,wakeboot-2026-08-21T08:41Z,pre-log,2026-08-21T09:21Z,2026-08-21T09:41Z,19.8,f,0,0,0,0,0,20,1.011,agents working (no output yet),"wake system.dispatch.capacity_starved -> system.dispatch.capacity_starved.resolved (2026-08-21T08:44Z->2026-08-21T10:09Z) | wake system.fleet.capacity.backoff -> system.fleet.capacity.resumed (2026-08-21T09:21Z->2026-08-21T09:37Z) | labels at start: ci-wait=3, error=3, in-progress=3, rework=5, todo=16 | executor-active-min=0 agent-active-min=20 human-msgs-min=0 | last progress: comment by its-applekid #2216 @2026-08-21T09:21Z | next progress: wake:ticket.branch.push by agent/wake #2205 @2026-08-21T09:41Z"
aiur,wakeboot-2026-08-21T08:41Z,pre-log,2026-08-21T09:41Z,2026-08-21T10:00Z,19.7,f,0,0,0,0,0,19,0.963,agents working (no output yet),"wake system.dispatch.capacity_starved -> system.dispatch.capacity_starved.resolved (2026-08-21T08:44Z->2026-08-21T10:09Z) | wake system.dispatch.prewarm_blocked -> system.dispatch.prewarm_blocked.resolved (2026-08-21T09:39Z->2026-08-21T09:41Z) | labels at start: ci-wait=3, error=3, in-progress=3, rework=5, todo=16 | executor-active-min=0 agent-active-min=19 human-msgs-min=0 | last progress: wake:ticket.branch.push by agent/wake #2205 @2026-08-21T09:41Z | next progress: review:APPROVED by its-everdred #pr2211 @2026-08-21T10:00Z"
aiur,wakeboot-2026-08-21T08:41Z,pre-log,2026-08-21T10:21Z,2026-08-21T11:28Z,66.6,f,0,0,0,0,0,67,1.006,agents working (no output yet),"wake system.dispatch.capacity_starved -> system.dispatch.capacity_starved.resolved (2026-08-21T10:18Z->2026-08-21T10:22Z) | wake system.dispatch.prewarm_blocked -> system.dispatch.prewarm_blocked.resolved (2026-08-21T10:18Z->2026-08-21T10:22Z) | labels at start: ci-wait=3, error=3, in-progress=2, paused=1, rework=5, todo=18 | executor-active-min=6 agent-active-min=65 human-msgs-min=0 | last progress: wake:ticket.branch.push by agent/wake #2214 @2026-08-21T10:21Z | next progress: exec:control by executor # @2026-08-21T11:28Z"
aiur,wakeboot-2026-08-21T08:41Z,pre-log,2026-08-21T11:28Z,2026-08-21T12:14Z,46.5,f,0,0,0,0,0,46,0.989,agents working (no output yet),"wake system.fleet.capacity.starved -> system.fleet.capacity.starved.resolved (2026-08-21T10:30Z->2026-08-21T13:37Z) | wake ticket.agent.attention.github-budget-broker ticket 2205 (2026-08-21T11:26Z->2026-08-21T11:32Z) | labels at start: ci-wait=3, error=3, in-progress=2, paused=1, rework=5, todo=19 | executor-active-min=3 agent-active-min=36 human-msgs-min=0 | last progress: gh:labeled:priority:1 by its-everdred #2228 @2026-08-21T11:28Z | next progress: exec:control by executor # @2026-08-21T12:14Z"
aiur,wakeboot-2026-08-21T08:41Z,pre-log,2026-08-21T12:16Z,2026-08-21T13:17Z,61.2,f,0,0,0,0,0,61,0.996,agents working (no output yet),"wake system.fleet.capacity.starved -> system.fleet.capacity.starved.resolved (2026-08-21T10:30Z->2026-08-21T13:37Z) | wake ticket.agent.attention.github-broker ticket 2131 (2026-08-21T12:17Z->2026-08-21T12:18Z) | labels at start: ci-wait=3, error=3, in-progress=2, paused=1, rework=5, todo=19 | executor-active-min=4 agent-active-min=52 human-msgs-min=0 | last progress: exec:control by executor # @2026-08-21T12:16Z | next progress: gh:unlabeled:agent:todo by aiur-daemon[bot] #2220 @2026-08-21T13:17Z"
aiur,wakeboot-2026-08-21T08:41Z,pre-log,2026-08-21T13:18Z,2026-08-21T14:15Z,56.4,f,0,0,0,0,0,57,1.011,agents working (no output yet),"wake system.fleet.capacity.starved -> system.fleet.capacity.starved.resolved (2026-08-21T10:30Z->2026-08-21T13:37Z) | wake ticket.agent.attention.github-broker ticket 2131 (2026-08-21T13:17Z->2026-08-21T13:19Z) | labels at start: ci-wait=3, error=4, in-progress=2, paused=1, rework=5, todo=18 | executor-active-min=7 agent-active-min=56 human-msgs-min=4 | last progress: comment by its-everdred #2228 @2026-08-21T13:18Z | next progress: exec:control by executor # @2026-08-21T14:15Z"
aiur,wakeboot-2026-08-21T08:41Z,pre-log,2026-08-21T14:17Z,2026-08-21T14:35Z,18.6,f,0,0,0,3,0,15,0.969,agents working (no output yet),"wake system.fleet.capacity.starved -> system.fleet.capacity.starved.resolved (2026-08-21T13:49Z->2026-08-21T14:25Z) | wake system.dispatch.prewarm_blocked -> system.dispatch.prewarm_blocked.resolved (2026-08-21T14:17Z->2026-08-21T14:21Z) | labels at start: ci-wait=3, error=4, in-progress=2, paused=1, rework=5, todo=18 | executor-active-min=6 agent-active-min=5 human-msgs-min=0 | last progress: comment by its-everdred #2228 @2026-08-21T14:17Z | next progress: pr:opened by its-applekid #pr2229 @2026-08-21T14:35Z"
aiur,wakeboot-2026-08-21T08:41Z,pre-log,2026-08-21T14:49Z,2026-08-21T16:21Z,91.4,d,0,0,0,92,0,0,1.006,no capacity: GitHub budget/broker,"wake ticket.agent.attention.github-broker-unavailable ticket 2214 (2026-08-21T14:22Z->2026-08-21T15:22Z) | wake ticket.agent.attention.github-broker-unavailable ticket 2207 (2026-08-21T14:24Z->2026-08-21T15:24Z) | labels at start: ci-wait=3, error=4, in-progress=2, paused=1, rework=5, todo=19 | executor-active-min=16 agent-active-min=0 human-msgs-min=0 | last progress: gh:labeled:priority:2 by its-everdred #2231 @2026-08-21T14:49Z | next progress: review:APPROVED by its-everdred #pr2230 @2026-08-21T16:21Z"
aiur,wakeboot-2026-08-21T16:30Z,pre-log,2026-08-21T16:42Z,2026-08-21T17:21Z,39.0,f,0,0,0,0,0,39,1.0,agents working (no output yet),"wake system.dispatch.prewarm_blocked -> system.dispatch.prewarm_blocked.resolved (2026-08-21T16:31Z->2026-08-21T16:42Z) | wake system.dispatch.capacity_starved -> system.dispatch.capacity_starved.resolved (2026-08-21T16:41Z->2026-08-21T17:23Z) | labels at start: ci-wait=3, error=4, in-progress=2, paused=1, rework=5, todo=21 | executor-active-min=7 agent-active-min=39 human-msgs-min=1 | last progress: gh:labeled:priority:3 by its-everdred #2233 @2026-08-21T16:42Z | next progress: exec:control by executor # @2026-08-21T17:21Z"
aiur,wakeboot-2026-08-21T16:30Z,pre-log,2026-08-21T17:29Z,2026-08-21T17:47Z,18.0,f,0,0,0,7,0,11,0.999,agents working (no output yet),"wake system.dispatch.prewarm_blocked -> system.dispatch.prewarm_blocked.resolved (2026-08-21T17:27Z->2026-08-21T17:31Z) | wake ticket.agent.attention.github-broker ticket 2213 (2026-08-21T17:33Z->2026-08-21T18:12Z) | labels at start: ci-wait=3, error=4, in-progress=2, paused=1, rework=5, todo=21 | executor-active-min=7 agent-active-min=1 human-msgs-min=0 | last progress: exec:control by executor # @2026-08-21T17:29Z | next progress: exec:control by executor # @2026-08-21T17:47Z"
aiur,wakeboot-2026-08-21T16:30Z,pre-log,2026-08-21T17:47Z,2026-08-21T18:12Z,24.5,d,0,0,0,25,0,0,1.02,no capacity: GitHub budget/broker,"wake ticket.agent.attention.github-broker ticket 2213 (2026-08-21T17:33Z->2026-08-21T18:12Z) | wake ticket.agent.attention.github-broker-unavailable ticket 2205 (2026-08-21T17:39Z->2026-08-21T18:12Z) | labels at start: ci-wait=3, error=4, in-progress=2, paused=1, rework=5, todo=22 | executor-active-min=4 agent-active-min=0 human-msgs-min=0 | last progress: gh:labeled:agent:todo by its-everdred #2234 @2026-08-21T17:47Z | next progress: exec:control by executor # @2026-08-21T18:12Z"
aiur,wakeboot-2026-08-21T18:53Z,pre-log,2026-08-21T19:00Z,2026-08-21T19:16Z,16.1,f,0,0,0,0,0,16,0.994,agents working (no output yet),"wake system.fleet.capacity.starved @2026-08-21T18:55Z, no resolution before boot end 2026-08-21T19:31Z (2026-08-21T18:55Z->2026-08-21T19:31Z) | wake ticket.agent.attention.github-broker-unavailable ticket 2138 (2026-08-21T19:04Z->2026-08-21T19:05Z) | labels at start: ci-wait=3, error=4, in-progress=2, paused=1, rework=5, todo=25 | executor-active-min=8 agent-active-min=16 human-msgs-min=0 | last progress: exec:control by executor # @2026-08-21T19:00Z | next progress: pr:merged by its-applekid #pr2162 @2026-08-21T19:16Z"
aiur,wakeboot-2026-08-21T19:38Z,pre-log,2026-08-21T19:54Z,2026-08-21T20:16Z,22.1,f,0,0,0,0,0,22,0.996,agents working (no output yet),"wake system.fleet.capacity.starved -> system.fleet.capacity.starved.resolved (2026-08-21T20:07Z->2026-08-21T20:21Z) | labels at start: ci-wait=2, error=4, in-progress=5, paused=1, rework=4, todo=24 | executor-active-min=2 agent-active-min=22 human-msgs-min=0 | last progress: gh:labeled:agent:in-progress by aiur-daemon[bot] #2138 @2026-08-21T19:54Z | next progress: wake:ticket.branch.push by agent/wake #2201 @2026-08-21T20:16Z"
aiur,wakeboot-2026-08-21T19:38Z,pre-log,2026-08-21T20:37Z,2026-08-21T20:53Z,16.3,f,0,0,0,0,0,16,0.983,agents working (no output yet),"wake system.fleet.capacity.starved -> system.fleet.capacity.starved.resolved (2026-08-21T20:38Z->2026-08-21T21:00Z) | labels at start: ci-wait=2, error=4, human-review=1, in-progress=4, paused=1, rework=5, todo=24 | human-review tickets (age h): #2138(0) | executor-active-min=1 agent-active-min=16 human-msgs-min=0 | last progress: gh:labeled:bug by its-everdred #2241 @2026-08-21T20:37Z | next progress: wake:ticket.branch.push by agent/wake #2205 @2026-08-21T20:53Z"
aiur,wakeboot-2026-08-21T19:38Z,pre-log,2026-08-21T21:22Z,2026-08-21T22:15Z,53.6,d,0,0,0,41,0,12,0.989,no capacity: fleet capacity starved (load governor) (never resolved in that daemon boot),"wake system.fleet.capacity.starved @2026-08-21T21:15Z, no resolution before boot end 2026-08-21T22:30Z (2026-08-21T21:15Z->2026-08-21T22:30Z) | labels at start: ci-wait=2, error=4, human-review=1, in-progress=5, paused=1, rework=5, todo=23 | human-review tickets (age h): #2138(1) | executor-active-min=3 agent-active-min=2 human-msgs-min=0 | last progress: gh:review_requested by its-applekid #2242 @2026-08-21T21:22Z | next progress: exec:control by executor # @2026-08-21T22:15Z"
aiur,wakeboot-2026-08-21T22:32Z,pre-log,2026-08-22T00:30Z,2026-08-22T00:53Z,23.3,f,0,0,0,0,0,23,0.987,agents working (no output yet),"wake system.fleet.capacity.starved -> system.fleet.capacity.starved.resolved (2026-08-21T23:43Z->2026-08-22T01:48Z) | wake system.fleet.capacity.backoff -> system.fleet.capacity.resumed (2026-08-22T00:30Z->2026-08-22T01:18Z) | labels at start: ci-wait=2, error=5, human-review=4, in-progress=8, paused=1, rework=7, todo=14 | human-review tickets (age h): #2131(0) #2205(1) #2201(2) #2138(4) | executor-active-min=0 agent-active-min=23 human-msgs-min=0 | last progress: wake:ticket.pr.opened by agent/wake #2207 @2026-08-22T00:30Z | next progress: wake:ticket.branch.push by agent/wake #2232 @2026-08-22T00:53Z"
aiur,wakeboot-2026-08-21T22:32Z,pre-log,2026-08-22T00:53Z,2026-08-22T01:08Z,15.1,f,0,0,0,0,0,15,0.992,agents working (no output yet),"wake system.fleet.capacity.starved -> system.fleet.capacity.starved.resolved (2026-08-21T23:43Z->2026-08-22T01:48Z) | wake system.fleet.capacity.backoff -> system.fleet.capacity.resumed (2026-08-22T00:30Z->2026-08-22T01:18Z) | labels at start: ci-wait=2, error=5, human-review=4, in-progress=8, paused=1, rework=7, todo=14 | human-review tickets (age h): #2131(1) #2205(1) #2201(2) #2138(5) | executor-active-min=0 agent-active-min=15 human-msgs-min=0 | last progress: wake:ticket.branch.push by agent/wake #2232 @2026-08-22T00:53Z | next progress: pr:opened by its-applekid #pr2252 @2026-08-22T01:08Z"
aiur,wakeboot-2026-08-21T22:32Z,pre-log,2026-08-22T03:45Z,2026-08-22T04:16Z,31.1,f,0,0,0,0,0,31,0.996,agents working (no output yet),"wake system.github.connectivity_lost (2026-08-22T03:37Z->2026-08-22T03:47Z) | wake system.fleet.capacity.backoff -> system.fleet.capacity.resumed (2026-08-22T03:41Z->2026-08-22T04:16Z) | labels at start: ci-wait=2, error=5, human-review=11, in-progress=12, paused=1, rework=4, todo=5 | human-review tickets (age h): #2200(0) #2135(0) #2168(0) #2214(0) #2226(1) | executor-active-min=3 agent-active-min=31 human-msgs-min=0 | last progress: comment by its-applekid #2237 @2026-08-22T03:45Z | next progress: exec:control by executor # @2026-08-22T04:16Z"
aiur,wakeboot-2026-08-21T22:32Z,pre-log,2026-08-22T04:29Z,2026-08-22T05:14Z,45.0,f,0,0,0,0,0,45,1.0,agents working (no output yet),"wake system.github.connectivity_lost (2026-08-22T04:20Z->2026-08-22T04:30Z) | wake system.fleet.capacity.backoff -> system.fleet.capacity.resumed (2026-08-22T04:24Z->2026-08-22T05:11Z) | labels at start: ci-wait=3, error=5, human-review=9, in-progress=11, paused=1, rework=4, todo=5 | human-review tickets (age h): #2200(1) #2135(1) #2168(1) #2214(1) #2219(2) | executor-active-min=1 agent-active-min=45 human-msgs-min=0 | last progress: gh:labeled:agent:rework by aiur-daemon[bot] #2225 @2026-08-22T04:29Z | next progress: pr:opened by its-applekid #pr2261 @2026-08-22T05:14Z"
aiur,wakeboot-2026-08-22T07:16Z,pre-log,2026-08-22T07:27Z,2026-08-22T08:08Z,40.9,f,0,0,0,0,0,41,1.002,agents working (no output yet),"wake system.fleet.capacity.backoff -> system.fleet.capacity.resumed (2026-08-22T07:20Z->2026-08-22T08:11Z) | wake system.dispatch.capacity_starved -> system.dispatch.capacity_starved.resolved (2026-08-22T07:21Z->2026-08-22T08:11Z) | labels at start: ci-wait=3, error=2, human-review=12, in-progress=12, paused=1, rework=8, todo=5 | human-review tickets (age h): #2213(1) #2225(1) #2076(1) #2200(4) #2135(4) | executor-active-min=0 agent-active-min=41 human-msgs-min=0 | last progress: comment by its-applekid #2266 @2026-08-22T07:27Z | next progress: wake:ticket.branch.push by agent/wake #2207 @2026-08-22T08:08Z"
aiur,wakeboot-2026-08-22T10:20Z,pre-log,2026-08-22T12:51Z,2026-08-22T13:10Z,19.6,d,0,0,0,19,0,0,0.969,no capacity: provider usage limit,"wake ticket.agent.attention.paused-usage_limit_exhausted ticket 2273 (2026-08-22T11:25Z->2026-08-22T17:25Z) | wake system.fleet.capacity.starved -> system.fleet.capacity.starved.resolved (2026-08-22T12:40Z->2026-08-22T13:26Z) | labels at start: ci-wait=3, error=2, human-review=18, in-progress=7, paused=1, rework=4, todo=1 | human-review tickets (age h): #2241(0) #2278(0) #2250(1) #2273(1) #2238(1) | executor-active-min=0 agent-active-min=0 human-msgs-min=0 | last progress: gh:labeled:agent:rework by aiur-daemon[bot] #2207 @2026-08-22T12:51Z | next progress: pr:opened by its-applekid #pr2289 @2026-08-22T13:10Z"
aiur,wakeboot-2026-08-23T03:17Z,pre-log,2026-08-23T04:41Z,2026-08-23T04:56Z,15.3,d,0,0,0,15,0,0,0.983,no capacity: dispatch capacity starved,"wake system.dispatch.capacity_starved -> system.dispatch.capacity_starved.resolved (2026-08-23T04:33Z->2026-08-23T06:21Z) | wake system.fleet.capacity.backoff -> system.fleet.capacity.resumed (2026-08-23T04:36Z->2026-08-23T06:21Z) | labels at start: ci-wait=3, error=1, human-review=13, in-progress=3, paused=1, rework=18, todo=4 | human-review tickets (age h): #2368(0) #2293(0) #2337(1) #2325(2) #2241(2) | executor-active-min=0 agent-active-min=0 human-msgs-min=0 | last progress: gh:review_requested by its-applekid #2379 @2026-08-23T04:41Z | next progress: exec:control by executor # @2026-08-23T04:56Z"
aiur,wakeboot-2026-08-23T09:43Z,pre-log,2026-08-23T11:07Z,2026-08-23T11:23Z,16.5,d,0,0,0,16,0,0,0.968,no capacity: fleet capacity starved (load governor),"wake system.fleet.capacity.starved -> system.fleet.capacity.starved.resolved (2026-08-23T10:11Z->2026-08-23T11:47Z) | wake system.fleet.capacity.backoff -> system.fleet.capacity.resumed (2026-08-23T11:00Z->2026-08-23T11:25Z) | labels at start: ci-wait=3, error=7, human-review=20, paused=1, rework=10, todo=2 | human-review tickets (age h): #2309(0) #2353(0) #2374(1) #2340(1) #2393(1) | executor-active-min=4 agent-active-min=0 human-msgs-min=0 | last progress: gh:unlabeled:agent:rework by its-applekid #2309 @2026-08-23T11:07Z | next progress: review:CHANGES_REQUESTED by its-everdred #pr2377 @2026-08-23T11:23Z"
aiur,wakeboot-2026-08-24T04:32Z,pre-log,2026-08-24T05:38Z,2026-08-24T13:47Z,489.6,d,0,0,0,489,0,0,0.231,no capacity: fleet capacity starved (load governor) (never resolved in that daemon boot),"wake system.fleet.capacity.starved @2026-08-24T04:52Z, no resolution before boot end 2026-08-24T14:28Z (2026-08-24T04:52Z->2026-08-24T14:28Z) | labels at start: ci-wait=4, error=2, human-review=14, paused=1, rework=4, todo=2 | human-review tickets (age h): #2440(0) #2366(1) #2419(1) #2439(1) #2168(2) | executor-active-min=2 agent-active-min=0 human-msgs-min=0 | last progress: gh:unlabeled:agent:in-progress by its-applekid #2440 @2026-08-24T05:38Z | next progress: exec:control by executor # @2026-08-24T13:47Z"
aiur,wakeboot-2026-08-24T16:24Z,pre-log,2026-08-24T17:56Z,2026-08-24T18:41Z,45.1,d,0,0,0,45,0,0,0.998,no capacity: fleet capacity starved (load governor),"wake system.fleet.capacity.starved -> system.fleet.capacity.starved.resolved (2026-08-24T16:41Z->2026-08-24T19:20Z) | labels at start: ci-wait=4, error=2, human-review=15, paused=1, rework=4, todo=2 | human-review tickets (age h): #2446(0) #2447(0) #2444(1) #2309(2) #2427(2) | executor-active-min=4 agent-active-min=0 human-msgs-min=2 | last progress: gh:unlabeled:agent:in-progress by its-applekid #2446 @2026-08-24T17:56Z | next progress: exec:control by executor # @2026-08-24T18:41Z"
aiur,wakeboot-2026-08-24T20:29Z,pre-log,2026-08-25T00:40Z,2026-08-25T14:03Z,802.5,d,0,0,0,803,0,0,0.116,no capacity: fleet capacity starved (load governor) (never resolved in that daemon boot),"wake system.fleet.capacity.starved @2026-08-24T22:26Z, no resolution before boot end 2026-09-01T06:26Z (2026-08-24T22:26Z->2026-09-01T06:26Z) | labels at start: ci-wait=3, human-review=11, paused=1, rework=6, todo=1 | human-review tickets (age h): #2467(0) #2464(0) #2461(1) #2313(2) #2393(2) | executor-active-min=0 agent-active-min=0 human-msgs-min=0 | last progress: gh:unlabeled:agent:rework by its-applekid #2467 @2026-08-25T00:40Z | next progress: exec:control by executor # @2026-08-25T14:03Z"
aiur,wakeboot-2026-08-24T20:29Z,pre-log,2026-08-25T14:03Z,2026-08-25T22:36Z,512.8,d,0,0,0,513,0,0,0.287,no capacity: fleet capacity starved (load governor) (never resolved in that daemon boot),"wake system.fleet.capacity.starved @2026-08-24T22:26Z, no resolution before boot end 2026-09-01T06:26Z (2026-08-24T22:26Z->2026-09-01T06:26Z) | labels at start: ci-wait=3, human-review=11, paused=1, rework=6, todo=1 | human-review tickets (age h): #2467(13) #2464(14) #2461(14) #2313(15) #2393(16) | executor-active-min=12 agent-active-min=0 human-msgs-min=5 | last progress: wake:ticket.pr.merged by agent/wake #2307 @2026-08-25T14:03Z | next progress: pr:opened by its-applekid #pr2469 @2026-08-25T22:36Z"
aiur,wakeboot-2026-08-24T20:29Z,pre-log,2026-08-25T22:36Z,2026-08-25T23:04Z,27.8,d,0,0,0,28,0,0,1.007,no capacity: fleet capacity starved (load governor) (never resolved in that daemon boot),"wake system.fleet.capacity.starved @2026-08-24T22:26Z, no resolution before boot end 2026-09-01T06:26Z (2026-08-24T22:26Z->2026-09-01T06:26Z) | labels at start: ci-wait=3, human-review=11, paused=1, rework=6, todo=1 | human-review tickets (age h): #2467(22) #2464(22) #2461(22) #2313(24) #2393(24) | executor-active-min=1 agent-active-min=0 human-msgs-min=0 | last progress: gh:review_requested by its-applekid #2469 @2026-08-25T22:36Z | next progress: comment by its-applekid #2212 @2026-08-25T23:04Z"
aiur,wakeboot-2026-08-24T20:29Z,pre-log,2026-08-25T23:04Z,2026-09-01T06:26Z,9081.7,d,0,0,0,9082,0,0,0.004,no capacity: fleet capacity starved (load governor) (never resolved in that daemon boot),"wake system.fleet.capacity.starved @2026-08-24T22:26Z, no resolution before boot end 2026-09-01T06:26Z (2026-08-24T22:26Z->2026-09-01T06:26Z) | wake system.tracker.auth_preflight_failed -> system.tracker.auth_preflight_failed.resolved (2026-09-01T06:22Z->2026-09-01T06:26Z) | labels at start: ci-wait=3, human-review=12, paused=1, rework=5, todo=1 | human-review tickets (age h): #2212(0) #2467(22) #2464(23) #2461(23) #2313(24) | executor-active-min=0 agent-active-min=0 human-msgs-min=0 | last progress: gh:labeled:agent:human-review by its-applekid #2212 @2026-08-25T23:04Z | next progress: exec:control by executor # @2026-09-02T01:55Z"
aiur,wakeboot-2026-09-02T01:55Z,pre-log,2026-09-02T04:01Z,2026-09-02T04:18Z,17.4,f,0,0,0,0,0,17,0.979,agents working (no output yet),"labels at start: ci-wait=3, human-review=5, in-progress=2, paused=1, rework=7, todo=6 | human-review tickets (age h): #2453(0) #2454(0) #2464(0) #2393(198) #2373(232) | executor-active-min=1 agent-active-min=17 human-msgs-min=0 | last progress: gh:labeled:agent:in-progress by aiur-daemon[bot] #2357 @2026-09-02T04:01Z | next progress: gh:labeled:agent:in-progress by its-applekid #2478 @2026-09-02T04:18Z"
aiur,wakeboot-2026-09-02T07:05Z,pre-log,2026-09-02T09:40Z,2026-09-02T18:03Z,502.4,d,0,0,17,474,0,12,0.959,no capacity: fleet capacity starved (load governor),"wake system.fleet.capacity.starved -> system.fleet.capacity.starved.resolved (2026-09-02T08:51Z->2026-09-02T17:27Z) | wake system.fleet.capacity.starved -> system.fleet.capacity.starved.resolved (2026-09-02T17:44Z->2026-09-02T18:35Z) | labels at start: ci-wait=4, human-review=14, in-progress=1, paused=2, rework=3, todo=1 | human-review tickets (age h): #2498(0) #2488(0) #2475(0) #2313(1) #2397(1) | executor-active-min=10 agent-active-min=2 human-msgs-min=1 | last progress: gh:unlabeled:agent:in-progress by its-applekid #2498 @2026-09-02T09:40Z | next progress: exec:control by executor # @2026-09-02T18:03Z"
aiur,wakeboot-2026-09-02T07:05Z,pre-log,2026-09-02T19:27Z,2026-09-02T19:44Z,16.8,f,0,0,0,0,0,17,1.015,agents working (no output yet),"wake system.fleet.capacity.backoff -> system.fleet.capacity.resumed (2026-09-02T18:43Z->2026-09-02T19:53Z) | wake system.dispatch.capacity_starved -> system.dispatch.capacity_starved.resolved (2026-09-02T18:43Z->2026-09-02T19:53Z) | labels at start: ci-wait=4, human-review=7, in-progress=5, paused=2, rework=4, todo=2 | human-review tickets (age h): #2488(10) #2472(12) #2453(16) #2454(16) #2464(16) | executor-active-min=4 agent-active-min=17 human-msgs-min=0 | last progress: gh:review_requested by its-applekid #2507 @2026-09-02T19:27Z | next progress: gh:referenced by its-everdred #2473 @2026-09-02T19:44Z"
aiur,wakeboot-2026-09-02T07:05Z,pre-log,2026-09-02T19:50Z,2026-09-02T20:16Z,25.2,f,0,0,0,0,0,26,1.033,agents working (no output yet),"wake system.fleet.capacity.backoff -> system.fleet.capacity.resumed (2026-09-02T18:43Z->2026-09-02T19:53Z) | wake system.dispatch.capacity_starved -> system.dispatch.capacity_starved.resolved (2026-09-02T18:43Z->2026-09-02T19:53Z) | labels at start: ci-wait=4, human-review=7, in-progress=5, paused=2, rework=4, todo=2 | human-review tickets (age h): #2488(11) #2472(13) #2453(16) #2454(16) #2464(16) | executor-active-min=8 agent-active-min=26 human-msgs-min=0 | last progress: wake:ticket.branch.push by agent/wake #2501 @2026-09-02T19:50Z | next progress: exec:control by executor # @2026-09-02T20:16Z"
aiur,wakeboot-2026-09-02T07:05Z,pre-log,2026-09-02T20:46Z,2026-09-02T21:08Z,22.4,d,0,0,0,22,0,0,0.984,no capacity: fleet capacity backoff (load governor),"wake system.fleet.capacity.backoff -> system.fleet.capacity.resumed (2026-09-02T20:00Z->2026-09-02T21:34Z) | wake system.dispatch.capacity_starved -> system.dispatch.capacity_starved.resolved (2026-09-02T20:00Z->2026-09-02T21:34Z) | labels at start: ci-wait=4, human-review=7, in-progress=4, paused=2, rework=5, todo=2 | human-review tickets (age h): #2488(12) #2472(14) #2453(17) #2454(17) #2464(17) | executor-active-min=2 agent-active-min=0 human-msgs-min=0 | last progress: review:APPROVED by its-everdred #pr2505 @2026-09-02T20:46Z | next progress: gh:labeled:agent:human-review by aiur-daemon[bot] #2501 @2026-09-02T21:08Z"
aiur,wakeboot-2026-09-02T07:05Z,pre-log,2026-09-02T21:10Z,2026-09-02T21:38Z,28.6,d,0,0,3,25,0,0,0.978,no capacity: fleet capacity backoff (load governor),"wake system.fleet.capacity.backoff -> system.fleet.capacity.resumed (2026-09-02T20:00Z->2026-09-02T21:34Z) | wake system.dispatch.capacity_starved -> system.dispatch.capacity_starved.resolved (2026-09-02T20:00Z->2026-09-02T21:34Z) | labels at start: ci-wait=4, human-review=7, in-progress=4, paused=2, rework=5, todo=2 | human-review tickets (age h): #2488(12) #2472(14) #2453(17) #2454(17) #2464(17) | executor-active-min=2 agent-active-min=0 human-msgs-min=0 | last progress: gh:unlabeled:agent:human-review by aiur-daemon[bot] #2501 @2026-09-02T21:10Z | next progress: gh:labeled:agent:human-review by aiur-daemon[bot] #2501 @2026-09-02T21:38Z"
aiur,wakeboot-2026-09-02T07:05Z,pre-log,2026-09-02T22:13Z,2026-09-02T22:39Z,25.6,d,0,0,0,26,0,0,1.014,no capacity: fleet capacity backoff (load governor),"wake system.fleet.capacity.backoff -> system.fleet.capacity.resumed (2026-09-02T21:47Z->2026-09-02T23:17Z) | wake system.dispatch.capacity_starved -> system.dispatch.capacity_starved.resolved (2026-09-02T21:47Z->2026-09-02T23:17Z) | labels at start: ci-wait=4, human-review=7, in-progress=5, paused=2, rework=5, todo=1 | human-review tickets (age h): #2488(13) #2472(15) #2453(18) #2454(18) #2464(18) | executor-active-min=3 agent-active-min=0 human-msgs-min=0 | last progress: exec:control by executor # @2026-09-02T22:13Z | next progress: gh:labeled:agent:human-review by aiur-daemon[bot] #2501 @2026-09-02T22:39Z"
aiur,wakeboot-2026-09-02T07:05Z,pre-log,2026-09-02T22:40Z,2026-09-02T23:08Z,27.5,d,0,0,0,28,0,0,1.017,no capacity: fleet capacity backoff (load governor),"wake system.fleet.capacity.backoff -> system.fleet.capacity.resumed (2026-09-02T21:47Z->2026-09-02T23:17Z) | wake system.dispatch.capacity_starved -> system.dispatch.capacity_starved.resolved (2026-09-02T21:47Z->2026-09-02T23:17Z) | labels at start: ci-wait=4, human-review=7, in-progress=5, paused=2, rework=5, todo=1 | human-review tickets (age h): #2488(13) #2472(16) #2453(19) #2454(19) #2464(19) | executor-active-min=5 agent-active-min=0 human-msgs-min=2 | last progress: gh:unlabeled:agent:human-review by aiur-daemon[bot] #2501 @2026-09-02T22:40Z | next progress: exec:control by executor # @2026-09-02T23:08Z"
aiur,wakeboot-2026-09-02T07:05Z,pre-log,2026-09-02T23:51Z,2026-09-03T00:09Z,17.9,f,0,0,0,0,0,18,1.005,agents working (no output yet),"wake system.dispatch.capacity_starved -> system.dispatch.capacity_starved.resolved (2026-09-02T23:34Z->2026-09-03T00:00Z) | wake system.fleet.capacity.backoff -> system.fleet.capacity.resumed (2026-09-02T23:38Z->2026-09-03T00:00Z) | labels at start: ci-wait=4, human-review=7, in-progress=6, paused=2, rework=6, todo=1 | human-review tickets (age h): #2488(15) #2472(17) #2453(20) #2454(20) #2464(20) | executor-active-min=1 agent-active-min=18 human-msgs-min=0 | last progress: wake:ticket.branch.push by agent/wake #2512 @2026-09-02T23:51Z | next progress: gh:labeled:agent:human-review by aiur-daemon[bot] #2501 @2026-09-03T00:09Z"
aiur,wakeboot-2026-09-03T03:47Z,pre-log,2026-09-03T03:47Z,2026-09-03T04:03Z,15.5,f,0,0,7,0,0,9,1.03,agents working (no output yet),"labels at start: ci-wait=6, human-review=4, paused=3, rework=4, todo=3 | human-review tickets (age h): #2397(0) #2511(1) #2472(21) #2373(256) | executor-active-min=3 agent-active-min=9 human-msgs-min=0 | last progress: gh:unlabeled:agent:in-progress by aiur-daemon[bot] #2494 @2026-09-03T03:47Z | next progress: wake:ticket.branch.push by agent/wake #2503 @2026-09-03T04:03Z"
aiur,wakeboot-2026-09-03T04:06Z,pre-log,2026-09-03T08:28Z,2026-09-03T13:16Z,288.3,d,0,0,0,283,0,5,0.479,no capacity: fleet capacity starved (load governor),"wake system.fleet.capacity.starved -> system.fleet.capacity.starved.resolved (2026-09-03T08:07Z->2026-09-03T13:20Z) | labels at start: ci-wait=3, human-review=1, paused=2, rework=4, todo=3 | human-review tickets (age h): #2519(0) | executor-active-min=7 agent-active-min=0 human-msgs-min=2 | last progress: gh:labeled:agent:rework by aiur-daemon[bot] #2531 @2026-09-03T08:28Z | next progress: exec:control by executor # @2026-09-03T13:16Z"
aiur,wakeboot-2026-09-03T04:06Z,pre-log,2026-09-03T13:20Z,2026-09-03T13:38Z,18.4,f,0,0,0,0,0,18,0.978,agents working (no output yet),"wake system.fleet.capacity.starved -> system.fleet.capacity.starved.resolved (2026-09-03T08:07Z->2026-09-03T13:20Z) | wake system.fleet.capacity.starved -> system.fleet.capacity.starved.resolved (2026-09-03T13:30Z->2026-09-03T16:16Z) | labels at start: ci-wait=3, human-review=1, paused=2, rework=5, todo=3 | human-review tickets (age h): #2519(5) | executor-active-min=0 agent-active-min=8 human-msgs-min=0 | last progress: gh:unlabeled:agent:in-progress by aiur-daemon[bot] #2533 @2026-09-03T13:20Z | next progress: gh:labeled:agent:error by aiur-daemon[bot] #2533 @2026-09-03T13:38Z"
aiur,wakeboot-2026-09-03T04:06Z,pre-log,2026-09-03T13:38Z,2026-09-03T15:35Z,116.7,d,0,0,0,106,0,11,1.002,no capacity: fleet capacity starved (load governor),"wake system.fleet.capacity.starved -> system.fleet.capacity.starved.resolved (2026-09-03T13:30Z->2026-09-03T16:16Z) | labels at start: ci-wait=3, error=1, human-review=1, paused=2, rework=4, todo=3 | human-review tickets (age h): #2519(5) | executor-active-min=8 agent-active-min=1 human-msgs-min=3 | last progress: gh:unlabeled:agent:rework by aiur-daemon[bot] #2533 @2026-09-03T13:38Z | next progress: comment by its-everdred #2533 @2026-09-03T15:35Z"
aiur,wakeboot-2026-09-03T04:06Z,pre-log,2026-09-03T15:35Z,2026-09-03T16:15Z,39.3,d,0,0,0,40,0,0,1.017,no capacity: fleet capacity starved (load governor),"wake system.fleet.capacity.starved -> system.fleet.capacity.starved.resolved (2026-09-03T13:30Z->2026-09-03T16:16Z) | wake system.dispatch.capacity_starved -> system.dispatch.capacity_starved.resolved (2026-09-03T16:12Z->2026-09-03T16:16Z) | labels at start: ci-wait=3, error=1, human-review=1, paused=2, rework=4, todo=3 | human-review tickets (age h): #2519(7) | executor-active-min=1 agent-active-min=0 human-msgs-min=3 | last progress: comment by its-everdred #2533 @2026-09-03T15:35Z | next progress: pr:opened by its-everdred #pr2534 @2026-09-03T16:15Z"
aiur,wakeboot-2026-09-03T04:06Z,pre-log,2026-09-03T16:37Z,2026-09-03T17:49Z,72.1,d,0,0,0,72,0,0,0.999,no capacity: fleet capacity starved (load governor),"wake system.fleet.capacity.starved -> system.fleet.capacity.starved.resolved (2026-09-03T16:33Z->2026-09-03T18:09Z) | labels at start: ci-wait=3, human-review=1, paused=2, rework=4, todo=3 | human-review tickets (age h): #2519(8) | executor-active-min=0 agent-active-min=0 human-msgs-min=4 | last progress: gh:referenced by its-everdred #2140 @2026-09-03T16:37Z | next progress: exec:control by executor # @2026-09-03T17:49Z"
aiur,wakeboot-2026-09-03T04:06Z,pre-log,2026-09-03T17:58Z,2026-09-03T18:33Z,34.8,c,0,0,23,12,0,0,1.005,Executor/human active elsewhere while dispatchable work sat undispatched (stranded),"wake system.fleet.capacity.starved -> system.fleet.capacity.starved.resolved (2026-09-03T16:33Z->2026-09-03T18:09Z) | wake system.dispatch.capacity_starved -> system.dispatch.capacity_starved.resolved (2026-09-03T18:05Z->2026-09-03T18:09Z) | labels at start: ci-wait=3, human-review=1, paused=2, rework=4, todo=3 | human-review tickets (age h): #2519(10) | executor-active-min=1 agent-active-min=0 human-msgs-min=2 | last progress: exec:control by executor # @2026-09-03T17:58Z | next progress: pr:opened by its-applekid #pr2540 @2026-09-03T18:33Z"
aiur,wakeboot-2026-09-03T04:06Z,pre-log,2026-09-03T19:07Z,2026-09-04T00:02Z,295.3,d,0,0,73,222,0,0,0.999,no capacity: fleet capacity starved (load governor),"wake system.fleet.capacity.backoff -> system.fleet.capacity.resumed (2026-09-03T19:42Z->2026-09-03T19:47Z) | wake system.dispatch.capacity_starved -> system.dispatch.capacity_starved.resolved (2026-09-03T19:42Z->2026-09-03T19:47Z) | labels at start: ci-wait=3, human-review=1, paused=2, rework=4, todo=3 | human-review tickets (age h): #2519(11) | executor-active-min=0 agent-active-min=0 human-msgs-min=2 | last progress: comment by aiur-daemon[bot] #2543 @2026-09-03T19:07Z | next progress: exec:control by executor # @2026-09-04T00:02Z"
aiur,wakeboot-2026-09-03T04:06Z,pre-log,2026-09-04T00:02Z,2026-09-04T00:18Z,15.5,c,0,0,13,3,0,0,1.035,Executor active on this repo while dispatchable work sat undispatched (stranded),"wake system.dispatch.capacity_starved -> system.dispatch.capacity_starved.resolved (2026-09-04T00:14Z->2026-09-04T00:18Z) | labels at start: ci-wait=3, human-review=1, paused=2, rework=4, todo=3 | human-review tickets (age h): #2519(16) | executor-active-min=2 agent-active-min=0 human-msgs-min=0 | last progress: gh:auto_squash_enabled by its-everdred #2546 @2026-09-04T00:02Z | next progress: pr:merged by its-applekid #pr2546 @2026-09-04T00:26Z"
aiur,wakeboot-2026-09-09T21:53Z,pre-log,2026-09-09T22:01Z,2026-09-09T22:23Z,21.6,c,0,0,22,0,0,0,1.021,Executor active on this repo while dispatchable work sat undispatched (stranded),"labels at start: ci-wait=3, human-review=1, paused=2, rework=4, todo=3 | human-review tickets (age h): #2519(158) | executor-active-min=13 agent-active-min=0 human-msgs-min=0 | last progress: gh:referenced by its-everdred #2573 @2026-09-09T22:01Z | next progress: comment by aiur-daemon[bot] #2543 @2026-09-09T22:23Z"
aiur,wakeboot-2026-09-09T21:53Z,pre-log,2026-09-09T22:43Z,2026-09-09T23:01Z,17.1,c,0,0,18,0,0,0,1.051,Executor active on this repo while dispatchable work sat undispatched (stranded),"labels at start: ci-wait=3, human-review=1, in-progress=2, paused=2, rework=4, todo=3 | human-review tickets (age h): #2519(158) | executor-active-min=18 agent-active-min=0 human-msgs-min=0 | last progress: comment by its-everdred #2590 @2026-09-09T22:43Z | next progress: pr:opened by its-everdred #pr2591 @2026-09-09T23:01Z"
aiur,wakeboot-2026-09-09T21:53Z,pre-log,2026-09-09T23:04Z,2026-09-09T23:20Z,16.6,c,0,0,16,0,0,0,0.967,Executor active on this repo while dispatchable work sat undispatched (stranded),"labels at start: ci-wait=4, human-review=1, paused=4, rework=4, todo=3 | human-review tickets (age h): #2519(159) | executor-active-min=16 agent-active-min=0 human-msgs-min=8 | last progress: gh:labeled:model:claude-opus by its-everdred #2592 @2026-09-09T23:04Z | next progress: gh:labeled:agent:todo by its-everdred #2593 @2026-09-09T23:20Z"
aiur,wakeboot-2026-09-09T21:53Z,pre-log,2026-09-10T00:53Z,2026-09-10T01:14Z,21.5,c,0,0,21,0,0,0,0.975,Executor active on this repo while dispatchable work sat undispatched (stranded),"labels at start: ci-wait=5, human-review=1, in-progress=1, paused=4, rework=5, todo=3 | human-review tickets (age h): #2519(161) | executor-active-min=20 agent-active-min=0 human-msgs-min=0 | last progress: comment by aiur-daemon[bot] #2599 @2026-09-10T00:53Z | next progress: comment by its-everdred #2599 @2026-09-10T01:14Z"
aiur,wakeboot-2026-09-09T21:53Z,pre-log,2026-09-10T01:14Z,2026-09-10T01:49Z,34.5,c,0,0,35,0,0,0,1.015,Executor active on this repo while dispatchable work sat undispatched (stranded),"labels at start: ci-wait=5, human-review=1, in-progress=1, paused=4, rework=5, todo=3 | human-review tickets (age h): #2519(161) | executor-active-min=28 agent-active-min=0 human-msgs-min=3 | last progress: comment by its-everdred #2599 @2026-09-10T01:14Z | next progress: gh:labeled:agent:todo by its-everdred #2601 @2026-09-10T01:49Z"
aiur,wakeboot-2026-09-09T21:53Z,pre-log,2026-09-10T02:03Z,2026-09-10T02:32Z,29.4,c,0,0,29,0,0,0,0.985,Executor active on this repo while dispatchable work sat undispatched (stranded),"labels at start: ci-wait=5, human-review=1, in-progress=1, paused=4, rework=5, todo=5 | human-review tickets (age h): #2519(162) | executor-active-min=18 agent-active-min=0 human-msgs-min=0 | last progress: comment by its-everdred #2601 @2026-09-10T02:03Z | next progress: gh:labeled:agent:paused by its-everdred #2602 @2026-09-10T02:32Z"
aiur,wakeboot-2026-09-09T21:53Z,pre-log,2026-09-10T02:37Z,2026-09-10T02:59Z,21.9,c,0,0,22,0,0,0,1.004,Executor active on this repo while dispatchable work sat undispatched (stranded),"labels at start: ci-wait=5, human-review=1, in-progress=1, paused=6, rework=5, todo=5 | human-review tickets (age h): #2519(162) | executor-active-min=12 agent-active-min=0 human-msgs-min=0 | last progress: comment by its-everdred #2601 @2026-09-10T02:37Z | next progress: pr:opened by its-applekid #pr2604 @2026-09-10T02:59Z"
aiur,wakeboot-2026-09-09T21:53Z,pre-log,2026-09-10T03:26Z,2026-09-10T03:44Z,17.2,c,0,0,18,0,0,0,1.048,Executor active on this repo while dispatchable work sat undispatched (stranded),"labels at start: ci-wait=5, human-review=1, in-progress=1, paused=7, rework=5, todo=5 | human-review tickets (age h): #2519(163) | executor-active-min=9 agent-active-min=0 human-msgs-min=0 | last progress: gh:labeled:complexity:2 by its-everdred #2605 @2026-09-10T03:26Z | next progress: gh:labeled:agent:paused by its-everdred #2606 @2026-09-10T03:44Z"
aiur,wakeboot-2026-09-09T21:53Z,pre-log,2026-09-10T04:11Z,2026-09-10T07:31Z,200.2,d,43,0,51,106,0,0,0.999,Executor session limit (Claude Code),"Executor transcript ""You've hit your session limit"" 2026-09-10T04:53Z (reset 2026-09-10T06:40Z) | labels at start: ci-wait=5, human-review=1, in-progress=1, paused=6, rework=5, todo=5 | human-review tickets (age h): #2519(164) | executor-active-min=40 agent-active-min=0 human-msgs-min=0 | last progress: wake:ticket.pr.merged by agent/wake #2602 @2026-09-10T04:11Z | next progress: gh:labeled:agent:paused by its-everdred #2607 @2026-09-10T07:31Z"
aiur,wakeboot-2026-09-09T21:53Z,pre-log,2026-09-10T07:31Z,2026-09-10T10:31Z,179.6,c,11,0,169,0,0,0,1.002,Executor active on this repo while dispatchable work sat undispatched (stranded),"labels at start: ci-wait=5, human-review=1, in-progress=1, paused=7, rework=5, todo=5 | human-review tickets (age h): #2519(167) | executor-active-min=70 agent-active-min=0 human-msgs-min=0 | last progress: gh:labeled:complexity:3 by its-everdred #2607 @2026-09-10T07:31Z | next progress: gh:labeled:agent:todo by its-everdred #2608 @2026-09-10T10:31Z"
aiur,wakeboot-2026-09-09T21:53Z,pre-log,2026-09-10T10:31Z,2026-09-10T15:55Z,324.1,c,132,0,192,0,0,0,1.0,Executor active on this repo while dispatchable work sat undispatched (stranded),"labels at start: ci-wait=5, human-review=1, in-progress=1, paused=8, rework=5, todo=5 | human-review tickets (age h): #2519(170) | executor-active-min=47 agent-active-min=0 human-msgs-min=0 | last progress: gh:labeled:agent:paused by its-everdred #2608 @2026-09-10T10:31Z | next progress: gh:labeled:agent:todo by its-everdred #2609 @2026-09-10T15:55Z"
aiur,wakeboot-2026-09-09T21:53Z,pre-log,2026-09-10T15:55Z,2026-09-10T17:35Z,100.7,c,0,0,100,0,0,0,0.994,Executor active on this repo while dispatchable work sat undispatched (stranded),"labels at start: ci-wait=5, human-review=1, in-progress=1, paused=9, rework=5, todo=5 | human-review tickets (age h): #2519(176) | executor-active-min=62 agent-active-min=0 human-msgs-min=7 | last progress: gh:labeled:complexity:2 by its-everdred #2609 @2026-09-10T15:55Z | next progress: gh:labeled:needs-triage by its-everdred #2610 @2026-09-10T17:35Z"
aiur,wakeboot-2026-09-09T21:53Z,pre-log,2026-09-10T17:35Z,2026-09-10T17:52Z,16.4,c,0,0,17,0,0,0,1.039,Executor active on this repo while dispatchable work sat undispatched (stranded),"labels at start: ci-wait=5, human-review=1, in-progress=1, paused=9, rework=5, todo=5 | human-review tickets (age h): #2519(177) | executor-active-min=7 agent-active-min=0 human-msgs-min=5 | last progress: gh:labeled:needs-triage by its-everdred #2610 @2026-09-10T17:35Z | next progress: gh:labeled:agent:todo by its-applekid #2611 @2026-09-10T17:52Z"
aiur,wakeboot-2026-09-09T21:53Z,pre-log,2026-09-10T18:53Z,2026-09-10T19:28Z,35.5,c,0,0,35,0,0,0,0.987,Executor active on this repo while dispatchable work sat undispatched (stranded),"labels at start: ci-wait=5, human-review=1, in-progress=1, paused=9, rework=5, todo=5 | human-review tickets (age h): #2519(179) | executor-active-min=11 agent-active-min=0 human-msgs-min=2 | last progress: gh:closed by its-everdred #2614 @2026-09-10T18:53Z | next progress: exec:control by executor # @2026-09-10T19:28Z"
aiur,wakeboot-2026-09-09T21:53Z,pre-log,2026-09-10T20:08Z,2026-09-10T20:39Z,31.6,f,0,0,0,0,0,31,0.982,agents working (no output yet),"wake system.fleet.capacity.starved -> system.fleet.capacity.starved.resolved (2026-09-10T20:05Z->2026-09-10T20:54Z) | labels at start: ci-wait=5, human-review=1, in-progress=2, paused=7, rework=4, todo=8 | human-review tickets (age h): #2519(180) | executor-active-min=11 agent-active-min=29 human-msgs-min=0 | last progress: wake:ticket.branch.push by agent/wake #2601 @2026-09-10T20:08Z | next progress: wake:ticket.branch.push by agent/wake #2600 @2026-09-10T20:39Z"
aiur,wakeboot-2026-09-09T21:53Z,pre-log,2026-09-10T22:09Z,2026-09-10T23:33Z,84.5,d,0,0,0,63,0,21,0.994,no capacity: fleet capacity starved (load governor),"wake system.fleet.capacity.starved -> system.fleet.capacity.starved.resolved (2026-09-10T22:04Z->2026-09-11T02:07Z) | labels at start: ci-wait=5, human-review=2, in-progress=7, paused=7, rework=4, todo=1 | human-review tickets (age h): #2600(0) #2519(182) | executor-active-min=10 agent-active-min=5 human-msgs-min=0 | last progress: gh:labeled:agent:in-progress by aiur-daemon[bot] #2607 @2026-09-10T22:09Z | next progress: gh:labeled:agent:ci-wait by its-applekid #2494 @2026-09-10T23:33Z"
aiur,wakeboot-2026-09-09T21:53Z,pre-log,2026-09-11T00:03Z,2026-09-11T02:08Z,124.9,d,0,0,0,111,0,14,1.001,no capacity: fleet capacity starved (load governor),"wake system.fleet.capacity.starved -> system.fleet.capacity.starved.resolved (2026-09-10T22:04Z->2026-09-11T02:07Z) | labels at start: ci-wait=5, human-review=6, in-progress=4, paused=7, rework=3, todo=1 | human-review tickets (age h): #2605(0) #2607(0) #2601(0) #2592(0) #2600(2) | executor-active-min=14 agent-active-min=4 human-msgs-min=0 | last progress: gh:unlabeled:agent:in-progress by its-applekid #2605 @2026-09-11T00:03Z | next progress: gh:labeled:agent:human-review by its-applekid #2394 @2026-09-11T02:08Z"
aiur,wakeboot-2026-09-09T21:53Z,pre-log,2026-09-11T03:18Z,2026-09-11T04:47Z,88.8,c,0,0,78,0,0,11,1.002,"Executor active on this repo, items wait on it","labels at start: ci-wait=5, human-review=4, paused=7, rework=3 | human-review tickets (age h): #2608(0) #2610(0) #2394(1) #2519(187) | executor-active-min=55 agent-active-min=1 human-msgs-min=28 | last progress: gh:unlabeled:agent:in-progress by its-applekid #2608 @2026-09-11T03:18Z | next progress: gh:labeled:agent:todo by its-everdred #2633 @2026-09-11T04:47Z"
aiur,wakeboot-2026-09-09T21:53Z,pre-log,2026-09-11T04:55Z,2026-09-11T05:16Z,21.1,f,0,0,0,0,0,21,0.998,agents working (no output yet),"labels at start: ci-wait=5, human-review=4, in-progress=1, paused=7, rework=3 | human-review tickets (age h): #2608(2) #2610(2) #2394(3) #2519(189) | executor-active-min=6 agent-active-min=15 human-msgs-min=2 | last progress: comment by its-applekid #2633 @2026-09-11T04:55Z | next progress: gh:labeled:needs-triage by its-applekid #2634 @2026-09-11T05:16Z"
aiur,wakeboot-2026-09-09T21:53Z,pre-log,2026-09-11T05:16Z,2026-09-11T05:33Z,16.7,f,0,0,0,0,0,17,1.019,agents working (no output yet),"labels at start: ci-wait=5, human-review=4, in-progress=1, paused=7, rework=3 | human-review tickets (age h): #2608(2) #2610(2) #2394(3) #2519(189) | executor-active-min=8 agent-active-min=8 human-msgs-min=2 | last progress: gh:labeled:needs-triage by its-applekid #2635 @2026-09-11T05:16Z | next progress: wake:ticket.branch.push by agent/wake #2633 @2026-09-11T05:33Z"
aiur,20260916T153434Z-2651128,runlog,2026-09-16T16:57Z,2026-09-16T17:41Z,44.2,c,5,0,28,0,0,11,0.994,Executor/human active elsewhere while dispatchable work sat undispatched (stranded),"labels at start: ci-wait=5, error=2, human-review=8, paused=6, rework=4 | human-review tickets (age h): #2639(0) #2638(0) #2641(1) #2633(131) #2608(134) | executor-active-min=0 agent-active-min=1 human-msgs-min=5 | last progress: gh:unlabeled:agent:in-progress by its-applekid #2639 @2026-09-16T16:57Z | next progress: exec:control by executor # @2026-09-16T17:41Z"
aiur,20260916T212437Z-877222,runlog,2026-09-16T22:45Z,2026-09-17T02:27Z,222.0,b,0,197,14,0,0,11,0.446,waiting on Executor [fresh (<24h)]: decision+error+human-review+paused,"labels at start: ci-wait=5, error=4, human-review=7, paused=7, rework=3 | human-review tickets (age h): #2674(0) #2668(1) #2633(136) #2608(139) #2610(140) | executor-active-min=8 agent-active-min=1 human-msgs-min=0 | last progress: gh:unlabeled:agent:in-progress by its-applekid #2674 @2026-09-16T22:45Z | next progress: review:APPROVED by its-everdred #pr2677 @2026-09-17T02:27Z"
aiur,20260917T022859Z-1671510,runlog,2026-09-17T03:36Z,2026-09-17T13:57Z,621.5,c,21,0,600,0,0,0,0.999,Executor/human active elsewhere while dispatchable work sat undispatched (stranded),"labels at start: ci-wait=5, error=4, human-review=6, paused=7, rework=4 | human-review tickets (age h): #2668(1) #2633(141) #2608(144) #2610(144) #2394(145) | executor-active-min=11 agent-active-min=0 human-msgs-min=0 | last progress: gh:unlabeled:agent:human-review by its-applekid #2678 @2026-09-17T03:36Z | next progress: gh:labeled:enhancement by its-applekid #2680 @2026-09-17T13:57Z"
aiur,20260917T022859Z-1671510,runlog,2026-09-17T14:08Z,2026-09-17T15:12Z,63.4,c,28,0,36,0,0,0,1.01,Executor active on this repo while dispatchable work sat undispatched (stranded),"labels at start: ci-wait=5, error=4, human-review=6, paused=7, rework=4 | human-review tickets (age h): #2668(11) #2633(152) #2608(155) #2610(155) #2394(156) | executor-active-min=14 agent-active-min=0 human-msgs-min=0 | last progress: pr:opened by its-applekid #pr2681 @2026-09-17T14:08Z | next progress: gh:ready_for_review by its-everdred #2681 @2026-09-17T15:12Z"
aiur,20260917T022859Z-1671510,runlog,2026-09-17T15:12Z,2026-09-17T15:36Z,24.2,c,0,0,24,0,0,0,0.992,Executor active on this repo while dispatchable work sat undispatched (stranded),"labels at start: ci-wait=5, error=4, human-review=6, paused=7, rework=4 | human-review tickets (age h): #2668(12) #2633(153) #2608(156) #2610(156) #2394(157) | executor-active-min=16 agent-active-min=0 human-msgs-min=0 | last progress: gh:closed by its-everdred #2680 @2026-09-17T15:12Z | next progress: gh:labeled:bug by its-everdred #2682 @2026-09-17T15:36Z"
aiur,20260917T022859Z-1671510,runlog,2026-09-17T16:14Z,2026-09-17T16:29Z,15.1,c,0,0,15,0,0,0,0.997,Executor active on this repo while dispatchable work sat undispatched (stranded),"labels at start: ci-wait=5, error=4, human-review=6, paused=8, rework=4 | human-review tickets (age h): #2668(13) #2633(154) #2608(157) #2610(157) #2394(158) | executor-active-min=15 agent-active-min=0 human-msgs-min=0 | last progress: gh:auto_squash_enabled by its-everdred #2685 @2026-09-17T16:14Z | next progress: comment by its-applekid #2685 @2026-09-17T16:29Z"
aiur,20260917T022859Z-1671510,runlog,2026-09-17T16:36Z,2026-09-17T20:55Z,259.6,a,216,0,43,0,0,0,0.817,"stranded: todo/rework dispatchable, capacity free, no agent running, Executor absent","labels at start: ci-wait=5, error=4, human-review=6, paused=8, rework=4 | human-review tickets (age h): #2668(14) #2633(154) #2608(157) #2610(157) #2394(158) | executor-active-min=11 agent-active-min=0 human-msgs-min=0 | last progress: comment by its-everdred #2474 @2026-09-17T16:36Z | next progress: gh:labeled:agent:paused by its-everdred #2686 @2026-09-17T20:55Z"
aiur,20260917T022859Z-1671510,runlog,2026-09-17T21:05Z,2026-09-17T21:22Z,17.2,c,0,0,17,0,0,0,0.989,Executor active on this repo while dispatchable work sat undispatched (stranded),"labels at start: ci-wait=5, error=4, human-review=6, paused=9, rework=4 | human-review tickets (age h): #2668(18) #2633(159) #2608(162) #2610(162) #2394(163) | executor-active-min=17 agent-active-min=0 human-msgs-min=0 | last progress: review:DISMISSED by its-applekid #pr2687 @2026-09-17T21:05Z | next progress: comment by its-everdred #2474 @2026-09-17T21:22Z"
aiur,20260917T022859Z-1671510,runlog,2026-09-17T21:28Z,2026-09-17T21:44Z,16.2,f,0,0,0,0,0,16,0.985,agents working (no output yet),"labels at start: ci-wait=5, error=4, human-review=6, paused=9, rework=5 | human-review tickets (age h): #2668(19) #2633(159) #2608(162) #2610(162) #2394(163) | executor-active-min=15 agent-active-min=9 human-msgs-min=0 | last progress: gh:unlabeled:agent:in-progress by its-applekid #2474 @2026-09-17T21:28Z | next progress: tel:pr_opened by daemon #2474 @2026-09-17T21:44Z"
aiur,20260917T022859Z-1671510,runlog,2026-09-18T05:00Z,2026-09-18T08:21Z,201.8,d,0,54,7,140,0,0,0.699,Executor session limit (Claude Code),"Executor transcript ""You've hit your session limit"" 2026-09-18T04:51Z (reset 2026-09-18T07:20Z) | labels at start: ci-wait=5, error=4, human-review=5, paused=10, rework=3 | human-review tickets (age h): #2668(26) #2633(167) #2610(170) #2394(171) #2519(357) | executor-active-min=0 agent-active-min=0 human-msgs-min=2 | last progress: gh:unlabeled:agent:todo by its-applekid #2717 @2026-09-18T05:00Z | next progress: exec:control by executor # @2026-09-18T08:21Z"
aiur,20260917T022859Z-1671510,runlog,2026-09-18T08:21Z,2026-09-18T08:37Z,15.6,c,0,0,16,0,0,0,1.028,"Executor active on this repo, items wait on it","labels at start: ci-wait=5, error=4, human-review=5, paused=11, rework=3 | human-review tickets (age h): #2668(30) #2633(170) #2610(173) #2394(174) #2519(360) | executor-active-min=16 agent-active-min=0 human-msgs-min=0 | last progress: gh:labeled:bug by its-everdred #2727 @2026-09-18T08:21Z | next progress: pr:opened by its-applekid #pr2728 @2026-09-18T08:37Z"
aiur,20260917T022859Z-1671510,runlog,2026-09-18T08:47Z,2026-09-18T09:02Z,15.8,c,0,0,15,0,0,0,0.952,"Executor active on this repo, items wait on it","labels at start: ci-wait=5, error=4, human-review=5, paused=11, rework=3 | human-review tickets (age h): #2668(30) #2633(170) #2610(174) #2394(175) #2519(360) | executor-active-min=15 agent-active-min=0 human-msgs-min=0 | last progress: gh:review_requested by its-applekid #2729 @2026-09-18T08:47Z | next progress: review:APPROVED by its-everdred #pr2728 @2026-09-18T09:02Z"
aiur,20260917T022859Z-1671510,runlog,2026-09-18T11:24Z,2026-09-18T11:40Z,15.7,c,0,0,16,0,0,0,1.02,"Executor active on this repo, items wait on it","labels at start: ci-wait=5, error=4, human-review=5, paused=12, rework=3 | human-review tickets (age h): #2668(33) #2633(173) #2610(176) #2394(177) #2519(363) | executor-active-min=0 agent-active-min=0 human-msgs-min=0 | last progress: gh:unlabeled:agent:todo by its-applekid #2737 @2026-09-18T11:24Z | next progress: gh:referenced by its-applekid #24 @2026-09-18T11:40Z"
aiur,20260917T022859Z-1671510,runlog,2026-09-18T11:40Z,2026-09-19T17:59Z,1819.2,b,0,1592,227,0,0,0,0.3,waiting on Executor [fresh (<24h)]: decision+error+human-review+paused,"labels at start: ci-wait=5, error=4, human-review=5, paused=12, rework=3 | human-review tickets (age h): #2668(33) #2633(173) #2610(176) #2394(178) #2519(363) | executor-active-min=8 agent-active-min=0 human-msgs-min=2 | last progress: gh:head_ref_force_pushed by its-applekid #2744 @2026-09-18T11:40Z | next progress: exec:control by executor # @2026-09-19T17:59Z"
aiur,20260917T022859Z-1671510,runlog,2026-09-19T17:59Z,2026-09-19T19:16Z,77.1,c,0,7,70,0,0,0,0.999,"Executor/human active elsewhere, items wait on it","labels at start: ci-wait=5, error=4, human-review=5, paused=12, rework=3 | human-review tickets (age h): #2668(63) #2633(204) #2610(207) #2394(208) #2519(394) | executor-active-min=3 agent-active-min=0 human-msgs-min=2 | last progress: exec:control by executor # @2026-09-19T17:59Z | next progress: exec:control by executor # @2026-09-19T19:16Z"
aiur,20260917T022859Z-1671510,runlog,2026-09-19T19:25Z,2026-09-19T21:40Z,135.6,c,0,32,103,0,0,0,0.996,"Executor/human active elsewhere, items wait on it","labels at start: ci-wait=5, error=4, human-review=5, paused=12, rework=3 | human-review tickets (age h): #2668(65) #2633(205) #2610(208) #2394(209) #2519(395) | executor-active-min=3 agent-active-min=0 human-msgs-min=2 | last progress: exec:control by executor # @2026-09-19T19:25Z | next progress: gh:labeled:agent:todo by its-everdred #2745 @2026-09-19T21:40Z"
aiur,20260917T022859Z-1671510,runlog,2026-09-19T22:43Z,2026-09-20T00:28Z,105.1,c,0,30,62,0,0,13,0.999,"Executor/human active elsewhere, items wait on it","labels at start: ci-wait=5, error=4, human-review=7, paused=10, rework=3 | human-review tickets (age h): #2639(0) #2502(0) #2668(68) #2633(208) #2610(212) | executor-active-min=13 agent-active-min=3 human-msgs-min=1 | last progress: gh:unlabeled:agent:in-progress by its-applekid #2639 @2026-09-19T22:43Z | next progress: exec:control by executor # @2026-09-20T00:28Z"
aiur,20260917T022859Z-1671510,runlog,2026-09-20T00:28Z,2026-09-20T01:08Z,40.0,c,0,0,40,0,0,0,1.001,"Executor active on this repo, items wait on it","labels at start: ci-wait=5, error=4, human-review=7, paused=10, rework=3 | human-review tickets (age h): #2639(2) #2502(2) #2668(70) #2633(210) #2610(213) | executor-active-min=19 agent-active-min=0 human-msgs-min=4 | last progress: exec:control by executor # @2026-09-20T00:28Z | next progress: gh:labeled:agent:todo by its-everdred #2749 @2026-09-20T01:08Z"
aiur,20260917T022859Z-1671510,runlog,2026-09-20T02:04Z,2026-09-22T15:42Z,3697.5,b,0,3056,632,0,0,10,0.295,waiting on Executor [stale (all >24h)]: decision+error+human-review+paused,"wake system.fleet.capacity.backoff -> system.fleet.capacity.resumed (2026-09-20T18:43Z->2026-09-20T18:54Z) | wake system.fleet.capacity.backoff -> system.fleet.capacity.resumed (2026-09-20T19:55Z->2026-09-20T20:25Z) | labels at start: ci-wait=5, error=4, human-review=9, paused=10, rework=3 | human-review tickets (age h): #2751(0) #2749(0) #2639(3) #2502(4) #2668(71) | executor-active-min=152 agent-active-min=0 human-msgs-min=25 | last progress: wake:ticket.pr.ready_for_review by agent/wake #2751 @2026-09-20T02:04Z | next progress: pr:opened by its-everdred #pr2753 @2026-09-24T19:00Z"
archon,wakeboot-2026-09-03T04:27Z,pre-log,2026-09-03T05:08Z,2026-09-03T05:28Z,20.5,f,0,0,0,9,0,11,0.975,agents working (no output yet),"wake system.dispatch.capacity_starved @2026-09-03T04:30Z, no resolution before boot end 2026-09-03T05:38Z (2026-09-03T04:30Z->2026-09-03T05:38Z) | wake system.fleet.capacity.starved @2026-09-03T04:30Z, no resolution before boot end 2026-09-03T05:38Z (2026-09-03T04:30Z->2026-09-03T05:38Z) | labels at start: human-review=2, todo=2 | human-review tickets (age h): #1(0) #2(0) | executor-active-min=2 agent-active-min=1 human-msgs-min=0 | last progress: gh:unlabeled:agent:ci-wait by its-applekid #1 @2026-09-03T05:08Z | next progress: pr:merged by its-applekid #pr46 @2026-09-03T05:28Z"
archon,wakeboot-2026-09-03T17:29Z,pre-log,2026-09-03T17:45Z,2026-09-03T18:02Z,17.2,f,0,0,0,7,0,10,0.987,agents working (no output yet),"wake system.tracker.auth_preflight_failed @2026-09-03T17:30Z, no resolution before boot end 2026-09-03T18:58Z (2026-09-03T17:30Z->2026-09-03T18:58Z) | labels at start: human-review=5, rework=1 | human-review tickets (age h): #7(0) #9(0) #10(0) #13(0) #6(0) | executor-active-min=14 agent-active-min=0 human-msgs-min=0 | last progress: gh:blocking_added by its-everdred #4 @2026-09-03T17:45Z | next progress: exec:control by executor # @2026-09-03T18:02Z"
archon,wakeboot-2026-09-03T20:46Z,pre-log,2026-09-03T21:31Z,2026-09-03T22:05Z,34.2,f,0,0,0,0,0,34,0.996,agents working (no output yet),"wake system.fleet.capacity.starved @2026-09-03T20:56Z, no resolution before boot end 2026-09-04T00:48Z (2026-09-03T20:56Z->2026-09-04T00:48Z) | Executor transcript ""You've hit your session limit"" 2026-09-03T19:05Z (reset 2026-09-03T23:00Z) | labels at start: human-review=1, in-progress=3, rework=4, todo=19 | human-review tickets (age h): #29(1) | executor-active-min=34 agent-active-min=34 human-msgs-min=0 | last progress: gh:unlabeled:agent:human-review by its-everdred #27 @2026-09-03T21:31Z | next progress: wake:ticket.branch.push by agent/wake #22 @2026-09-03T22:05Z"
archon,wakeboot-2026-09-03T20:46Z,pre-log,2026-09-03T22:11Z,2026-09-03T22:50Z,38.6,d,0,0,0,26,0,13,1.011,Executor session limit (Claude Code),"wake system.fleet.capacity.starved @2026-09-03T20:56Z, no resolution before boot end 2026-09-04T00:48Z (2026-09-03T20:56Z->2026-09-04T00:48Z) | Executor transcript ""You've hit your session limit"" 2026-09-03T19:05Z (reset 2026-09-03T23:00Z) | labels at start: human-review=1, in-progress=2, rework=5, todo=19 | human-review tickets (age h): #29(1) | executor-active-min=39 agent-active-min=3 human-msgs-min=0 | last progress: gh:convert_to_draft by its-everdred #79 @2026-09-03T22:11Z | next progress: comment by its-everdred #18 @2026-09-03T22:50Z"
archon,wakeboot-2026-09-03T20:46Z,pre-log,2026-09-03T22:50Z,2026-09-03T23:57Z,67.3,d,0,0,0,66,0,1,0.995,no capacity: fleet capacity starved (load governor) (never resolved in that daemon boot),"wake system.fleet.capacity.starved @2026-09-03T20:56Z, no resolution before boot end 2026-09-04T00:48Z (2026-09-03T20:56Z->2026-09-04T00:48Z) | Executor transcript ""You've hit your session limit"" 2026-09-03T19:05Z (reset 2026-09-03T23:00Z) | labels at start: human-review=1, in-progress=2, rework=5, todo=19 | human-review tickets (age h): #29(2) | executor-active-min=7 agent-active-min=1 human-msgs-min=1 | last progress: comment by its-everdred #79 @2026-09-03T22:50Z | next progress: gh:labeled:agent:rework by aiur-daemon[bot] #41 @2026-09-03T23:57Z"
archon,wakeboot-2026-09-04T00:28Z,pre-log,2026-09-04T00:58Z,2026-09-04T01:23Z,25.5,d,0,0,0,13,0,12,0.979,no capacity: fleet capacity starved (load governor) (never resolved in that daemon boot),"wake system.fleet.capacity.starved @2026-09-04T00:47Z, no resolution before boot end 2026-09-04T05:39Z (2026-09-04T00:47Z->2026-09-04T05:39Z) | wake system.dispatch.capacity_starved @2026-09-04T00:49Z, no resolution before boot end 2026-09-04T05:39Z (2026-09-04T00:49Z->2026-09-04T05:39Z) | labels at start: error=3, human-review=3, rework=1, todo=18 | human-review tickets (age h): #16(0) #23(1) #27(1) | executor-active-min=0 agent-active-min=2 human-msgs-min=0 | last progress: gh:unlabeled:agent:rework by aiur-daemon[bot] #15 @2026-09-04T00:58Z | next progress: gh:labeled:agent:error by aiur-daemon[bot] #41 @2026-09-04T01:23Z"
archon,wakeboot-2026-09-04T00:28Z,pre-log,2026-09-04T01:24Z,2026-09-04T01:48Z,23.9,f,0,0,0,12,0,12,1.004,agents working (no output yet),"wake system.fleet.capacity.starved @2026-09-04T00:47Z, no resolution before boot end 2026-09-04T05:39Z (2026-09-04T00:47Z->2026-09-04T05:39Z) | wake system.dispatch.capacity_starved @2026-09-04T00:49Z, no resolution before boot end 2026-09-04T05:39Z (2026-09-04T00:49Z->2026-09-04T05:39Z) | Executor transcript ""You've hit your session limit"" 2026-09-04T01:46Z (reset 2026-09-04T04:50Z) | labels at start: error=3, human-review=3, rework=1, todo=18 | human-review tickets (age h): #16(1) #23(1) #27(1) | executor-active-min=1 agent-active-min=2 human-msgs-min=1 | last progress: gh:unlabeled:agent:error by aiur-daemon[bot] #41 @2026-09-04T01:24Z | next progress: gh:labeled:agent:error by aiur-daemon[bot] #41 @2026-09-04T01:48Z"
archon,wakeboot-2026-09-04T00:28Z,pre-log,2026-09-04T01:58Z,2026-09-04T02:23Z,25.3,d,0,0,0,14,0,11,0.989,Executor session limit (Claude Code),"wake system.fleet.capacity.starved @2026-09-04T00:47Z, no resolution before boot end 2026-09-04T05:39Z (2026-09-04T00:47Z->2026-09-04T05:39Z) | wake system.dispatch.capacity_starved @2026-09-04T00:49Z, no resolution before boot end 2026-09-04T05:39Z (2026-09-04T00:49Z->2026-09-04T05:39Z) | Executor transcript ""You've hit your session limit"" 2026-09-04T01:46Z (reset 2026-09-04T04:50Z) | labels at start: error=3, human-review=3, rework=1, todo=18 | human-review tickets (age h): #16(1) #23(2) #27(2) | executor-active-min=1 agent-active-min=1 human-msgs-min=0 | last progress: gh:unlabeled:agent:error by aiur-daemon[bot] #41 @2026-09-04T01:58Z | next progress: gh:labeled:agent:error by aiur-daemon[bot] #41 @2026-09-04T02:23Z"
archon,wakeboot-2026-09-04T00:28Z,pre-log,2026-09-04T02:56Z,2026-09-04T03:28Z,32.5,f,0,0,0,0,0,32,0.984,agents working (no output yet),"wake system.fleet.capacity.starved @2026-09-04T00:47Z, no resolution before boot end 2026-09-04T05:39Z (2026-09-04T00:47Z->2026-09-04T05:39Z) | wake system.dispatch.capacity_starved @2026-09-04T00:49Z, no resolution before boot end 2026-09-04T05:39Z (2026-09-04T00:49Z->2026-09-04T05:39Z) | Executor transcript ""You've hit your session limit"" 2026-09-04T01:46Z (reset 2026-09-04T04:50Z) | labels at start: rework=7, todo=18 | executor-active-min=0 agent-active-min=32 human-msgs-min=0 | last progress: gh:unlabeled:agent:error by its-everdred #15 @2026-09-04T02:56Z | next progress: comment by its-applekid #84 @2026-09-04T03:28Z"
archon,wakeboot-2026-09-04T00:28Z,pre-log,2026-09-04T03:30Z,2026-09-04T03:55Z,24.7,f,0,0,0,0,0,25,1.011,agents working (no output yet),"wake system.fleet.capacity.starved @2026-09-04T00:47Z, no resolution before boot end 2026-09-04T05:39Z (2026-09-04T00:47Z->2026-09-04T05:39Z) | wake system.dispatch.capacity_starved @2026-09-04T00:49Z, no resolution before boot end 2026-09-04T05:39Z (2026-09-04T00:49Z->2026-09-04T05:39Z) | Executor transcript ""You've hit your session limit"" 2026-09-04T01:46Z (reset 2026-09-04T04:50Z) | labels at start: rework=6, todo=18 | executor-active-min=4 agent-active-min=25 human-msgs-min=0 | last progress: gh:unlabeled:agent:rework by aiur-daemon[bot] #16 @2026-09-04T03:30Z | next progress: gh:labeled:agent:ci-wait by its-applekid #41 @2026-09-04T03:55Z"
archon,wakeboot-2026-09-04T00:28Z,pre-log,2026-09-04T04:20Z,2026-09-04T04:46Z,26.2,f,0,0,0,12,0,14,0.991,agents working (no output yet),"wake system.fleet.capacity.starved @2026-09-04T00:47Z, no resolution before boot end 2026-09-04T05:39Z (2026-09-04T00:47Z->2026-09-04T05:39Z) | wake system.dispatch.capacity_starved @2026-09-04T00:49Z, no resolution before boot end 2026-09-04T05:39Z (2026-09-04T00:49Z->2026-09-04T05:39Z) | Executor transcript ""You've hit your session limit"" 2026-09-04T01:46Z (reset 2026-09-04T04:50Z) | labels at start: rework=4, todo=18 | executor-active-min=1 agent-active-min=5 human-msgs-min=0 | last progress: gh:unlabeled:agent:human-review by aiur-daemon[bot] #11 @2026-09-04T04:20Z | next progress: comment by its-applekid #76 @2026-09-04T04:46Z"
archon,wakeboot-2026-09-04T05:40Z,pre-log,2026-09-04T07:49Z,2026-09-04T09:52Z,123.0,d,0,0,0,112,0,11,1.0,Executor session limit (Claude Code),"wake system.fleet.capacity.starved @2026-09-04T05:45Z, no resolution before boot end 2026-09-05T02:16Z (2026-09-04T05:45Z->2026-09-05T02:16Z) | Executor transcript ""You've hit your session limit"" 2026-09-04T07:47Z (reset 2026-09-04T09:50Z) | labels at start: error=4, rework=1, todo=7 | executor-active-min=4 agent-active-min=1 human-msgs-min=1 | last progress: gh:unlabeled:agent:in-progress by aiur-daemon[bot] #31 @2026-09-04T07:49Z | next progress: gh:labeled:agent:todo by its-everdred #42 @2026-09-04T09:52Z"
archon,wakeboot-2026-09-04T05:40Z,pre-log,2026-09-04T12:47Z,2026-09-04T14:53Z,125.1,d,0,0,0,115,0,11,1.007,no capacity: fleet capacity starved (load governor) (never resolved in that daemon boot),"wake system.fleet.capacity.starved @2026-09-04T05:45Z, no resolution before boot end 2026-09-05T02:16Z (2026-09-04T05:45Z->2026-09-05T02:16Z) | wake system.dispatch.capacity_starved @2026-09-04T10:52Z, no resolution before boot end 2026-09-05T02:16Z (2026-09-04T10:52Z->2026-09-05T02:16Z) | Executor transcript ""You've hit your session limit"" 2026-09-04T14:02Z (reset 2026-09-04T14:50Z) | labels at start: error=3, human-review=1, todo=4 | human-review tickets (age h): #34(0) | executor-active-min=3 agent-active-min=1 human-msgs-min=1 | last progress: gh:unlabeled:agent:in-progress by aiur-daemon[bot] #36 @2026-09-04T12:47Z | next progress: exec:control by executor # @2026-09-04T14:53Z"
archon,wakeboot-2026-09-04T05:40Z,pre-log,2026-09-04T15:03Z,2026-09-04T15:19Z,16.3,f,0,0,0,0,0,16,0.983,agents working (no output yet),"wake system.fleet.capacity.starved @2026-09-04T05:45Z, no resolution before boot end 2026-09-05T02:16Z (2026-09-04T05:45Z->2026-09-05T02:16Z) | wake system.dispatch.capacity_starved @2026-09-04T10:52Z, no resolution before boot end 2026-09-05T02:16Z (2026-09-04T10:52Z->2026-09-05T02:16Z) | labels at start: error=1, human-review=1, rework=1, todo=4 | human-review tickets (age h): #33(0) | executor-active-min=1 agent-active-min=6 human-msgs-min=0 | last progress: gh:unlabeled:agent:human-review by aiur-daemon[bot] #34 @2026-09-04T15:03Z | next progress: gh:head_ref_force_pushed by its-applekid #123 @2026-09-04T15:19Z"
archon,wakeboot-2026-09-04T05:40Z,pre-log,2026-09-04T15:24Z,2026-09-04T15:44Z,20.0,f,0,0,0,0,0,20,0.998,agents working (no output yet),"wake system.fleet.capacity.starved @2026-09-04T05:45Z, no resolution before boot end 2026-09-05T02:16Z (2026-09-04T05:45Z->2026-09-05T02:16Z) | wake system.dispatch.capacity_starved @2026-09-04T10:52Z, no resolution before boot end 2026-09-05T02:16Z (2026-09-04T10:52Z->2026-09-05T02:16Z) | labels at start: error=1, human-review=1, in-progress=1, todo=3 | human-review tickets (age h): #33(0) | executor-active-min=1 agent-active-min=20 human-msgs-min=1 | last progress: comment by its-applekid #37 @2026-09-04T15:24Z | next progress: exec:control by executor # @2026-09-04T15:44Z"
archon,wakeboot-2026-09-04T05:40Z,pre-log,2026-09-04T15:52Z,2026-09-04T16:28Z,35.7,f,0,0,0,0,0,36,1.009,agents working (no output yet),"wake system.fleet.capacity.starved @2026-09-04T05:45Z, no resolution before boot end 2026-09-05T02:16Z (2026-09-04T05:45Z->2026-09-05T02:16Z) | wake system.dispatch.capacity_starved @2026-09-04T10:52Z, no resolution before boot end 2026-09-05T02:16Z (2026-09-04T10:52Z->2026-09-05T02:16Z) | labels at start: error=1, in-progress=3, todo=1 | executor-active-min=3 agent-active-min=36 human-msgs-min=0 | last progress: gh:labeled:agent:done by aiur-daemon[bot] #33 @2026-09-04T15:52Z | next progress: wake:ticket.branch.push by agent/wake #37 @2026-09-04T16:28Z"
archon,wakeboot-2026-09-04T05:40Z,pre-log,2026-09-04T18:55Z,2026-09-04T19:38Z,43.2,d,0,0,0,32,0,11,0.996,no capacity: fleet capacity starved (load governor) (never resolved in that daemon boot),"wake system.fleet.capacity.starved @2026-09-04T05:45Z, no resolution before boot end 2026-09-05T02:16Z (2026-09-04T05:45Z->2026-09-05T02:16Z) | wake system.dispatch.capacity_starved @2026-09-04T10:52Z, no resolution before boot end 2026-09-05T02:16Z (2026-09-04T10:52Z->2026-09-05T02:16Z) | labels at start: rework=1 | executor-active-min=8 agent-active-min=1 human-msgs-min=3 | last progress: gh:unlabeled:agent:in-progress by aiur-daemon[bot] #40 @2026-09-04T18:55Z | next progress: exec:control by executor # @2026-09-04T19:38Z"
archon,wakeboot-2026-09-04T05:40Z,pre-log,2026-09-04T19:56Z,2026-09-05T00:18Z,261.9,d,0,0,0,262,0,0,1.0,fleet capacity starved (load governor) (never resolved in that daemon boot),"wake system.fleet.capacity.starved @2026-09-04T05:45Z, no resolution before boot end 2026-09-05T02:16Z (2026-09-04T05:45Z->2026-09-05T02:16Z) | wake system.dispatch.capacity_starved @2026-09-04T10:52Z, no resolution before boot end 2026-09-05T02:16Z (2026-09-04T10:52Z->2026-09-05T02:16Z) | executor-active-min=34 agent-active-min=0 human-msgs-min=1 | last progress: gh:unlabeled:agent:rework by aiur-daemon[bot] #135 @2026-09-04T19:56Z | next progress: pr:opened by its-everdred #pr158 @2026-09-05T00:18Z"
archon,wakeboot-2026-09-04T05:40Z,pre-log,2026-09-05T00:23Z,2026-09-05T02:16Z,112.8,d,0,0,0,113,0,0,1.001,fleet capacity starved (load governor) (never resolved in that daemon boot),"wake system.fleet.capacity.starved @2026-09-04T05:45Z, no resolution before boot end 2026-09-05T02:16Z (2026-09-04T05:45Z->2026-09-05T02:16Z) | wake system.dispatch.capacity_starved @2026-09-04T10:52Z, no resolution before boot end 2026-09-05T02:16Z (2026-09-04T10:52Z->2026-09-05T02:16Z) | executor-active-min=8 agent-active-min=0 human-msgs-min=0 | last progress: gh:closed by its-everdred #88 @2026-09-05T00:23Z | next progress: exec:control by executor # @2026-09-06T01:57Z"
archon,wakeboot-2026-09-09T22:34Z,pre-log,2026-09-10T01:28Z,2026-09-10T02:01Z,32.9,d,0,0,0,24,0,9,1.004,no capacity: dispatch capacity starved (never resolved in that daemon boot),"wake system.dispatch.capacity_starved @2026-09-09T22:43Z, no resolution before boot end 2026-09-10T02:47Z (2026-09-09T22:43Z->2026-09-10T02:47Z) | wake system.fleet.capacity.starved @2026-09-09T23:00Z, no resolution before boot end 2026-09-10T02:47Z (2026-09-09T23:00Z->2026-09-10T02:47Z) | labels at start: rework=1, todo=11 | executor-active-min=4 agent-active-min=0 human-msgs-min=2 | last progress: gh:unlabeled:agent:human-review by aiur-daemon[bot] #164 @2026-09-10T01:28Z | next progress: review:CHANGES_REQUESTED by its-everdred #pr178 @2026-09-10T02:01Z"
archon,wakeboot-2026-09-10T02:49Z,pre-log,2026-09-10T02:56Z,2026-09-10T03:11Z,15.5,f,0,0,0,0,0,15,0.967,agents working (no output yet),"wake system.fleet.capacity.starved @2026-09-10T03:04Z, no resolution before boot end 2026-09-10T04:21Z (2026-09-10T03:04Z->2026-09-10T04:21Z) | wake system.dispatch.capacity_starved @2026-09-10T03:08Z, no resolution before boot end 2026-09-10T04:21Z (2026-09-10T03:08Z->2026-09-10T04:21Z) | labels at start: in-progress=4, todo=7 | executor-active-min=0 agent-active-min=15 human-msgs-min=0 | last progress: comment by its-applekid #167 @2026-09-10T02:56Z | next progress: wake:ticket.branch.push by agent/wake #167 @2026-09-10T03:11Z"
archon,wakeboot-2026-09-10T04:22Z,pre-log,2026-09-10T04:57Z,2026-09-10T07:29Z,152.4,d,0,0,0,141,0,11,0.997,no capacity: fleet capacity starved (load governor) (never resolved in that daemon boot),"wake system.fleet.capacity.starved @2026-09-10T04:27Z, no resolution before boot end 2026-09-10T15:53Z (2026-09-10T04:27Z->2026-09-10T15:53Z) | labels at start: error=5, todo=4 | executor-active-min=1 agent-active-min=1 human-msgs-min=0 | last progress: gh:unlabeled:agent:in-progress by aiur-daemon[bot] #174 @2026-09-10T04:57Z | next progress: review:APPROVED by its-everdred #pr182 @2026-09-10T07:29Z"
archon,wakeboot-2026-09-10T04:22Z,pre-log,2026-09-10T09:39Z,2026-09-10T09:55Z,16.1,f,0,0,0,0,0,16,0.991,agents working (no output yet),"wake system.fleet.capacity.starved @2026-09-10T04:27Z, no resolution before boot end 2026-09-10T15:53Z (2026-09-10T04:27Z->2026-09-10T15:53Z) | labels at start: rework=1, todo=2 | executor-active-min=0 agent-active-min=6 human-msgs-min=0 | last progress: gh:unlabeled:agent:human-review by aiur-daemon[bot] #172 @2026-09-10T09:39Z | next progress: wake:ticket.branch.push by agent/wake #170 @2026-09-10T09:55Z"
archon,wakeboot-2026-09-10T04:22Z,pre-log,2026-09-10T10:12Z,2026-09-10T10:52Z,39.7,f,0,0,0,0,0,40,1.007,agents working (no output yet),"wake system.fleet.capacity.starved @2026-09-10T04:27Z, no resolution before boot end 2026-09-10T15:53Z (2026-09-10T04:27Z->2026-09-10T15:53Z) | labels at start: in-progress=1, todo=1 | executor-active-min=4 agent-active-min=40 human-msgs-min=0 | last progress: comment by its-applekid #175 @2026-09-10T10:12Z | next progress: wake:ticket.branch.push by agent/wake #175 @2026-09-10T10:52Z"
archon,wakeboot-2026-09-10T04:22Z,pre-log,2026-09-10T10:53Z,2026-09-10T11:33Z,39.3,f,0,0,0,0,0,40,1.018,agents working (no output yet),"wake system.fleet.capacity.starved @2026-09-10T04:27Z, no resolution before boot end 2026-09-10T15:53Z (2026-09-10T04:27Z->2026-09-10T15:53Z) | labels at start: in-progress=1, todo=1 | executor-active-min=2 agent-active-min=38 human-msgs-min=0 | last progress: wake:ticket.pr.opened by agent/wake #175 @2026-09-10T10:53Z | next progress: wake:ticket.branch.push by agent/wake #175 @2026-09-10T11:33Z"
archon,wakeboot-2026-09-10T04:22Z,pre-log,2026-09-10T12:04Z,2026-09-10T12:52Z,48.1,f,0,0,0,0,0,48,0.998,agents working (no output yet),"wake system.fleet.capacity.starved @2026-09-10T04:27Z, no resolution before boot end 2026-09-10T15:53Z (2026-09-10T04:27Z->2026-09-10T15:53Z) | labels at start: rework=1, todo=1 | executor-active-min=2 agent-active-min=18 human-msgs-min=0 | last progress: gh:unlabeled:agent:in-progress by aiur-daemon[bot] #175 @2026-09-10T12:04Z | next progress: wake:ticket.branch.push by agent/wake #175 @2026-09-10T12:52Z"
archon,wakeboot-2026-09-10T04:22Z,pre-log,2026-09-10T13:22Z,2026-09-10T14:32Z,70.1,d,0,0,0,61,0,9,0.998,no capacity: fleet capacity starved (load governor) (never resolved in that daemon boot),"wake system.fleet.capacity.starved @2026-09-10T04:27Z, no resolution before boot end 2026-09-10T15:53Z (2026-09-10T04:27Z->2026-09-10T15:53Z) | labels at start: rework=1, todo=1 | executor-active-min=6 agent-active-min=0 human-msgs-min=0 | last progress: gh:labeled:agent:rework by aiur-daemon[bot] #175 @2026-09-10T13:22Z | next progress: review:APPROVED by its-everdred #pr190 @2026-09-10T14:32Z"
archon,wakeboot-2026-09-10T17:27Z,pre-log,2026-09-10T17:28Z,2026-09-10T17:56Z,28.1,f,0,0,0,0,0,28,0.996,agents working (no output yet),"wake system.fleet.capacity.starved @2026-09-10T17:32Z, no resolution before boot end 2026-09-10T18:36Z (2026-09-10T17:32Z->2026-09-10T18:36Z) | labels at start: in-progress=1, paused=2, todo=11 | executor-active-min=11 agent-active-min=21 human-msgs-min=5 | last progress: gh:unlabeled:agent:todo by its-applekid #198 @2026-09-10T17:28Z | next progress: comment by its-applekid #198 @2026-09-10T17:56Z"
archon,wakeboot-2026-09-10T18:38Z,pre-log,2026-09-10T19:05Z,2026-09-10T19:23Z,17.9,f,0,0,0,0,0,18,1.004,agents working (no output yet),"wake system.fleet.capacity.starved @2026-09-10T18:43Z, no resolution before boot end 2026-09-10T20:58Z (2026-09-10T18:43Z->2026-09-10T20:58Z) | labels at start: in-progress=2, paused=3, todo=6 | executor-active-min=1 agent-active-min=18 human-msgs-min=1 | last progress: comment by its-applekid #202 @2026-09-10T19:05Z | next progress: exec:control by executor # @2026-09-10T19:23Z"
archon,wakeboot-2026-09-10T18:38Z,pre-log,2026-09-10T19:27Z,2026-09-10T19:45Z,18.2,f,0,0,0,0,0,18,0.987,agents working (no output yet),"wake system.fleet.capacity.starved @2026-09-10T18:43Z, no resolution before boot end 2026-09-10T20:58Z (2026-09-10T18:43Z->2026-09-10T20:58Z) | labels at start: in-progress=2, paused=3, todo=6 | executor-active-min=2 agent-active-min=15 human-msgs-min=0 | last progress: wake:ticket.pr.opened by agent/wake #196 @2026-09-10T19:27Z | next progress: wake:ticket.branch.push by agent/wake #196 @2026-09-10T19:45Z"
archon,wakeboot-2026-09-10T20:58Z,pre-log,2026-09-10T21:12Z,2026-09-10T21:43Z,31.3,f,0,0,0,0,0,31,0.992,agents working (no output yet),"wake system.fleet.capacity.starved @2026-09-10T21:04Z, no resolution before boot end 2026-09-10T22:29Z (2026-09-10T21:04Z->2026-09-10T22:29Z) | wake system.dispatch.capacity_starved @2026-09-10T21:14Z, no resolution before boot end 2026-09-10T22:29Z (2026-09-10T21:14Z->2026-09-10T22:29Z) | labels at start: in-progress=1, paused=2, todo=4 | executor-active-min=2 agent-active-min=30 human-msgs-min=0 | last progress: comment by its-applekid #201 @2026-09-10T21:12Z | next progress: wake:ticket.branch.push by agent/wake #201 @2026-09-10T21:43Z"
archon,wakeboot-2026-09-10T20:58Z,pre-log,2026-09-10T21:45Z,2026-09-10T22:05Z,19.2,f,0,0,0,0,0,20,1.042,agents working (no output yet),"wake system.fleet.capacity.starved @2026-09-10T21:04Z, no resolution before boot end 2026-09-10T22:29Z (2026-09-10T21:04Z->2026-09-10T22:29Z) | wake system.dispatch.capacity_starved @2026-09-10T21:14Z, no resolution before boot end 2026-09-10T22:29Z (2026-09-10T21:14Z->2026-09-10T22:29Z) | labels at start: in-progress=1, paused=2, todo=4 | executor-active-min=0 agent-active-min=17 human-msgs-min=0 | last progress: wake:ticket.pr.opened by agent/wake #201 @2026-09-10T21:45Z | next progress: wake:ticket.branch.push by agent/wake #201 @2026-09-10T22:05Z"
archon,wakeboot-2026-09-10T20:58Z,pre-log,2026-09-10T22:12Z,2026-09-10T22:29Z,16.8,f,0,0,0,6,0,11,1.012,agents working (no output yet),"wake system.fleet.capacity.starved @2026-09-10T21:04Z, no resolution before boot end 2026-09-10T22:29Z (2026-09-10T21:04Z->2026-09-10T22:29Z) | wake system.dispatch.capacity_starved @2026-09-10T21:14Z, no resolution before boot end 2026-09-10T22:29Z (2026-09-10T21:14Z->2026-09-10T22:29Z) | labels at start: error=1, paused=2, todo=4 | executor-active-min=1 agent-active-min=1 human-msgs-min=0 | last progress: gh:unlabeled:agent:in-progress by aiur-daemon[bot] #201 @2026-09-10T22:12Z | next progress: exec:control by executor # @2026-09-10T22:29Z"
archon,wakeboot-2026-09-10T22:31Z,pre-log,2026-09-10T23:11Z,2026-09-10T23:45Z,33.9,f,0,0,0,0,0,34,1.001,agents working (no output yet),"wake system.fleet.capacity.starved @2026-09-10T22:36Z, no resolution before boot end 2026-09-10T23:57Z (2026-09-10T22:36Z->2026-09-10T23:57Z) | labels at start: in-progress=1, paused=2, todo=2 | executor-active-min=2 agent-active-min=17 human-msgs-min=0 | last progress: comment by its-applekid #206 @2026-09-10T23:11Z | next progress: wake:ticket.branch.push by agent/wake #203 @2026-09-10T23:45Z"
archon,wakeboot-2026-09-10T23:58Z,pre-log,2026-09-11T00:02Z,2026-09-11T00:28Z,26.3,f,0,0,0,0,0,26,0.989,agents working (no output yet),"labels at start: in-progress=2, paused=2 | executor-active-min=0 agent-active-min=25 human-msgs-min=0 | last progress: comment by its-applekid #204 @2026-09-11T00:02Z | next progress: wake:ticket.branch.push by agent/wake #207 @2026-09-11T00:28Z"
archon,wakeboot-2026-09-10T23:58Z,pre-log,2026-09-11T00:31Z,2026-09-11T00:49Z,17.4,f,0,0,0,0,0,18,1.032,agents working (no output yet),"wake system.fleet.capacity.backoff -> system.fleet.capacity.resumed (2026-09-11T00:42Z->2026-09-11T02:06Z) | labels at start: in-progress=2, paused=2 | executor-active-min=1 agent-active-min=17 human-msgs-min=0 | last progress: comment by its-applekid #207 @2026-09-11T00:31Z | next progress: wake:ticket.branch.push by agent/wake #207 @2026-09-11T00:49Z"
archon,wakeboot-2026-09-10T23:58Z,pre-log,2026-09-11T00:59Z,2026-09-11T01:15Z,16.1,f,0,0,0,0,0,16,0.995,agents working (no output yet),"wake system.fleet.capacity.backoff -> system.fleet.capacity.resumed (2026-09-11T00:42Z->2026-09-11T02:06Z) | labels at start: in-progress=1, paused=2 | executor-active-min=0 agent-active-min=16 human-msgs-min=0 | last progress: wake:ticket.pr.opened by agent/wake #204 @2026-09-11T00:59Z | next progress: wake:ticket.branch.push by agent/wake #204 @2026-09-11T01:15Z"
archon,wakeboot-2026-09-10T23:58Z,pre-log,2026-09-11T01:27Z,2026-09-11T02:05Z,38.1,f,0,0,0,0,0,38,0.998,agents working (no output yet),"wake system.fleet.capacity.backoff -> system.fleet.capacity.resumed (2026-09-11T00:42Z->2026-09-11T02:06Z) | labels at start: in-progress=1, paused=2 | executor-active-min=2 agent-active-min=7 human-msgs-min=0 | last progress: wake:ticket.branch.push by agent/wake #204 @2026-09-11T01:27Z | next progress: gh:ready_for_review by its-everdred #224 @2026-09-11T02:05Z"
archon,wakeboot-2026-09-10T23:58Z,pre-log,2026-09-11T02:06Z,2026-09-11T03:29Z,83.3,c,0,35,37,0,0,11,0.996,waiting on Executor [fresh (<24h)]: paused,labels at start: paused=2 | executor-active-min=11 agent-active-min=1 human-msgs-min=5 | last progress: gh:unlabeled:agent:in-progress by aiur-daemon[bot] #204 @2026-09-11T02:06Z | next progress: pr:opened by its-applekid #pr225 @2026-09-11T03:29Z
archon,wakeboot-2026-09-10T23:58Z,pre-log,2026-09-11T03:29Z,2026-09-11T04:13Z,43.8,c,0,0,44,0,0,0,1.005,"Executor active on this repo, items wait on it",labels at start: paused=2 | executor-active-min=12 agent-active-min=0 human-msgs-min=22 | last progress: pr:opened by its-applekid #pr225 @2026-09-11T03:29Z | next progress: pr:opened by its-applekid #pr226 @2026-09-11T04:13Z
archon,wakeboot-2026-09-10T23:58Z,pre-log,2026-09-11T04:13Z,2026-09-11T04:31Z,18.1,c,0,0,18,0,0,0,0.996,"Executor active on this repo, items wait on it",labels at start: paused=2 | executor-active-min=7 agent-active-min=0 human-msgs-min=1 | last progress: pr:opened by its-applekid #pr226 @2026-09-11T04:13Z | next progress: exec:control by executor # @2026-09-11T04:31Z
archon,wakeboot-2026-09-10T23:58Z,pre-log,2026-09-11T04:38Z,2026-09-11T04:58Z,20.4,c,0,0,20,0,0,0,0.982,"Executor active on this repo, items wait on it",labels at start: paused=2 | executor-active-min=8 agent-active-min=0 human-msgs-min=5 | last progress: gh:merged by its-everdred #225 @2026-09-11T04:38Z | next progress: gh:labeled:agent:todo by its-everdred #227 @2026-09-11T04:58Z
archon,wakeboot-2026-09-10T23:58Z,pre-log,2026-09-11T06:39Z,2026-09-11T13:51Z,431.1,b,0,377,43,0,0,12,0.888,waiting on Executor [fresh (<24h)]: human-review+paused,"labels at start: human-review=1, paused=2 | human-review tickets (age h): #227(0) | executor-active-min=9 agent-active-min=2 human-msgs-min=4 | last progress: gh:unlabeled:agent:in-progress by its-applekid #227 @2026-09-11T06:39Z | next progress: exec:control by executor # @2026-09-11T13:51Z"
archon,wakeboot-2026-09-10T23:58Z,pre-log,2026-09-11T15:00Z,2026-09-11T16:07Z,67.0,b,0,51,5,0,0,11,1.0,waiting on Executor [fresh (<24h)]: human-review+paused,"labels at start: human-review=3, paused=2 | human-review tickets (age h): #233(0) #232(0) #231(1) | executor-active-min=0 agent-active-min=1 human-msgs-min=1 | last progress: gh:unlabeled:agent:in-progress by its-applekid #233 @2026-09-11T15:00Z | next progress: exec:control by executor # @2026-09-11T16:07Z"
khala,20260916T191350Z-3777005,runlog,2026-09-16T19:42Z,2026-09-16T20:09Z,27.1,f,0,0,11,0,0,16,0.997,agents working (no output yet),"labels at start: error=2, parked=9, paused=38, todo=4 | executor-active-min=23 agent-active-min=6 human-msgs-min=0 | last progress: gh:unlabeled:agent:todo by aiur-daemon[bot] #13 @2026-09-16T19:42Z | next progress: gh:parent_issue_removed by its-everdred #10 @2026-09-16T20:09Z"
khala,20260916T191350Z-3777005,runlog,2026-09-16T20:10Z,2026-09-16T21:29Z,79.0,c,0,0,79,0,0,0,1.0,Executor active on this repo while dispatchable work sat undispatched (stranded),"labels at start: error=2, parked=9, paused=38, todo=4 | executor-active-min=42 agent-active-min=0 human-msgs-min=1 | last progress: gh:sub_issue_removed by its-everdred #1 @2026-09-16T20:10Z | next progress: tel:dispatch by daemon #10 @2026-09-16T21:29Z"
khala,20260916T191350Z-3777005,runlog,2026-09-16T21:29Z,2026-09-17T03:09Z,340.2,a,233,0,95,0,0,12,0.638,"stranded: todo/rework dispatchable, capacity free, no agent running, Executor absent","labels at start: error=2, parked=9, paused=38, todo=4 | executor-active-min=69 agent-active-min=2 human-msgs-min=0 | last progress: tel:dispatch by daemon #50 @2026-09-16T21:29Z | next progress: gh:labeled:agent:paused by its-everdred #12 @2026-09-17T03:09Z"
khala,20260916T191350Z-3777005,runlog,2026-09-17T03:09Z,2026-09-17T12:48Z,578.8,c,0,0,579,0,0,0,1.0,Executor active on this repo while dispatchable work sat undispatched (stranded),"labels at start: error=1, parked=9, paused=39, todo=4 | executor-active-min=212 agent-active-min=0 human-msgs-min=0 | last progress: gh:labeled:agent:paused by its-everdred #12 @2026-09-17T03:09Z | next progress: pr:opened by its-everdred #pr54 @2026-09-17T15:31Z"
khala,20260917T124842Z-2737066,runlog,2026-09-17T12:48Z,2026-09-17T15:15Z,146.5,c,49,0,98,0,0,0,1.003,Executor active on this repo while dispatchable work sat undispatched (stranded),"labels at start: error=1, parked=9, paused=39, todo=4 | executor-active-min=53 agent-active-min=0 human-msgs-min=0 | last progress: gh:labeled:agent:paused by its-everdred #12 @2026-09-17T03:09Z | next progress: pr:opened by its-everdred #pr54 @2026-09-17T15:31Z"
khala,20260917T160044Z-3066478,runlog,2026-09-17T16:07Z,2026-09-17T16:48Z,40.2,f,0,0,0,0,0,41,1.02,agents working (no output yet),"labels at start: error=1, in-progress=1, parked=9, paused=38 | executor-active-min=4 agent-active-min=40 human-msgs-min=0 | last progress: comment by its-applekid #17 @2026-09-17T16:07Z | next progress: wake:ticket.branch.push by agent/wake #17 @2026-09-17T16:48Z"
khala,20260917T160044Z-3066478,runlog,2026-09-17T16:54Z,2026-09-17T22:26Z,332.0,b,0,201,120,0,0,11,0.859,waiting on Executor [fresh (<24h)]: error+paused,"labels at start: error=2, parked=9, paused=38 | executor-active-min=22 agent-active-min=1 human-msgs-min=0 | last progress: gh:unlabeled:agent:in-progress by its-applekid #17 @2026-09-17T16:54Z | next progress: exec:control by executor # @2026-09-18T01:01Z"
khala,20260917T222625Z-3755197,runlog,2026-09-17T22:26Z,2026-09-18T01:01Z,155.1,b,0,119,36,0,0,0,0.941,waiting on Executor [fresh (<24h)]: error+paused,"labels at start: error=2, parked=9, paused=38 | executor-active-min=9 agent-active-min=0 human-msgs-min=4 | last progress: gh:unlabeled:agent:in-progress by its-applekid #17 @2026-09-17T16:54Z | next progress: exec:control by executor # @2026-09-18T01:01Z"
khala,20260918T025027Z-923016,runlog,2026-09-18T03:01Z,2026-09-18T03:19Z,18.3,f,0,0,0,0,0,18,0.981,agents working (no output yet),"labels at start: in-progress=1, parked=9, rework=2, todo=32 | executor-active-min=5 agent-active-min=18 human-msgs-min=0 | last progress: gh:unlabeled:agent:in-progress by its-applekid #14 @2026-09-18T03:01Z | next progress: wake:ticket.branch.push by agent/wake #14 @2026-09-18T03:19Z"
khala,20260918T043033Z-2015550,runlog,2026-09-18T04:54Z,2026-09-18T08:20Z,205.2,d,0,54,6,135,0,11,0.712,Executor session limit (Claude Code),"Executor transcript ""You've hit your session limit"" 2026-09-18T04:51Z (reset 2026-09-18T07:20Z) | labels at start: error=6, parked=9, todo=24 | executor-active-min=5 agent-active-min=1 human-msgs-min=1 | last progress: gh:unlabeled:agent:rework by its-applekid #37 @2026-09-18T04:54Z | next progress: exec:control by executor # @2026-09-18T08:20Z"
khala,20260918T043033Z-2015550,runlog,2026-09-18T09:16Z,2026-09-18T09:35Z,18.8,f,0,0,3,0,0,16,1.012,agents working (no output yet),"labels at start: in-progress=1, parked=9, todo=23 | executor-active-min=5 agent-active-min=6 human-msgs-min=0 | last progress: wake:ticket.pr.opened by agent/wake #15 @2026-09-18T09:16Z | next progress: gh:labeled:model:claude by its-everdred #38 @2026-09-18T09:35Z"
khala,20260918T043033Z-2015550,runlog,2026-09-18T09:47Z,2026-09-18T10:09Z,21.6,f,0,0,0,0,0,22,1.019,agents working (no output yet),"labels at start: parked=9, rework=1, todo=23 | executor-active-min=4 agent-active-min=15 human-msgs-min=0 | last progress: gh:unlabeled:agent:in-progress by its-applekid #15 @2026-09-18T09:47Z | next progress: wake:ticket.branch.push by agent/wake #15 @2026-09-18T10:09Z"
khala,20260918T104829Z-161240,runlog,2026-09-18T13:03Z,2026-09-18T16:00Z,176.7,a,161,0,6,0,0,10,0.458,"stranded: todo/rework dispatchable, capacity free, no agent running, Executor absent","labels at start: human-review=1, parked=10, rework=1, todo=12 | human-review tickets (age h): #95(0) | executor-active-min=1 agent-active-min=0 human-msgs-min=2 | last progress: gh:unlabeled:agent:human-review by its-applekid #46 @2026-09-18T13:03Z | next progress: exec:control by executor # @2026-09-18T16:00Z"
khala,20260918T104829Z-161240,runlog,2026-09-18T16:04Z,2026-09-18T20:58Z,294.4,b,0,263,19,0,0,12,0.438,waiting on Executor [fresh (<24h)]: decision+human-review,"labels at start: human-review=2, parked=10, todo=12 | human-review tickets (age h): #46(0) #95(4) | executor-active-min=0 agent-active-min=2 human-msgs-min=0 | last progress: gh:unlabeled:agent:rework by its-applekid #46 @2026-09-18T16:04Z | next progress: review:COMMENTED by its-everdred #pr86 @2026-09-18T20:58Z"
khala,20260918T104829Z-161240,runlog,2026-09-18T22:46Z,2026-09-19T17:55Z,1148.1,b,0,1123,14,0,0,12,0.118,waiting on Executor [fresh (<24h)]: decision+human-review,"labels at start: human-review=3, parked=10, todo=14 | human-review tickets (age h): #36(0) #115(0) #101(0) | executor-active-min=0 agent-active-min=2 human-msgs-min=0 | last progress: gh:unlabeled:agent:in-progress by its-applekid #36 @2026-09-18T22:46Z | next progress: exec:control by executor # @2026-09-19T17:55Z"
khala,20260918T104829Z-161240,runlog,2026-09-19T18:12Z,2026-09-19T18:32Z,19.5,f,0,0,0,0,0,20,1.028,agents working (no output yet),"labels at start: in-progress=1, parked=9, rework=1, todo=12 | executor-active-min=2 agent-active-min=20 human-msgs-min=0 | last progress: gh:unlabeled:agent:parked by its-everdred #26 @2026-09-19T18:12Z | next progress: wake:ticket.branch.push by agent/wake #104 @2026-09-19T18:32Z"
khala,20260918T104829Z-161240,runlog,2026-09-19T18:38Z,2026-09-19T19:06Z,27.7,f,0,0,0,0,0,28,1.009,agents working (no output yet),"labels at start: human-review=1, parked=9, rework=1, todo=12 | human-review tickets (age h): #104(0) | executor-active-min=2 agent-active-min=28 human-msgs-min=0 | last progress: exec:control by executor # @2026-09-19T18:38Z | next progress: review:CHANGES_REQUESTED by its-everdred #pr122 @2026-09-19T19:06Z"
khala,20260918T104829Z-161240,runlog,2026-09-19T19:33Z,2026-09-19T19:57Z,24.4,f,0,0,8,0,0,16,0.985,agents working (no output yet),"labels at start: in-progress=1, parked=9, paused=1, todo=11 | executor-active-min=2 agent-active-min=6 human-msgs-min=0 | last progress: gh:labeled:agent:paused by its-everdred #41 @2026-09-19T19:33Z | next progress: exec:control by executor # @2026-09-19T19:57Z"
khala,20260918T104829Z-161240,runlog,2026-09-19T19:57Z,2026-09-19T20:41Z,43.6,f,0,0,0,0,0,44,1.01,agents working (no output yet),"labels at start: parked=9, paused=1, todo=12 | executor-active-min=2 agent-active-min=44 human-msgs-min=0 | last progress: tel:dispatch by daemon #105 @2026-09-19T19:57Z | next progress: wake:ticket.branch.push by agent/wake #105 @2026-09-19T20:41Z"
khala,20260918T104829Z-161240,runlog,2026-09-19T21:07Z,2026-09-19T21:38Z,31.6,f,0,0,0,0,0,31,0.981,agents working (no output yet),"labels at start: in-progress=3, parked=9, paused=1, todo=8 | executor-active-min=3 agent-active-min=31 human-msgs-min=1 | last progress: comment by its-applekid #107 @2026-09-19T21:07Z | next progress: wake:ticket.branch.push by agent/wake #106 @2026-09-19T21:38Z"
khala,20260918T104829Z-161240,runlog,2026-09-19T22:30Z,2026-09-19T23:46Z,75.9,f,0,0,0,0,0,76,1.002,agents working (no output yet),"labels at start: in-progress=1, parked=9, paused=1, todo=7 | executor-active-min=3 agent-active-min=76 human-msgs-min=0 | last progress: wake:ticket.pr.merged by agent/wake #108 @2026-09-19T22:30Z | next progress: wake:ticket.branch.push by agent/wake #42 @2026-09-19T23:46Z"
khala,20260918T104829Z-161240,runlog,2026-09-19T23:55Z,2026-09-20T00:31Z,36.2,f,0,0,0,0,0,36,0.994,agents working (no output yet),"labels at start: in-progress=1, parked=9, paused=1, todo=7 | executor-active-min=3 agent-active-min=35 human-msgs-min=1 | last progress: review:CHANGES_REQUESTED by its-everdred #pr129 @2026-09-19T23:55Z | next progress: wake:ticket.branch.push by agent/wake #42 @2026-09-20T00:31Z"
khala,20260920T010817Z-304273,runlog,2026-09-20T01:36Z,2026-09-20T02:25Z,49.6,f,0,0,0,0,0,49,0.989,agents working (no output yet),"labels at start: in-progress=1, parked=9, paused=1, todo=6 | executor-active-min=2 agent-active-min=49 human-msgs-min=0 | last progress: comment by its-applekid #109 @2026-09-20T01:36Z | next progress: wake:ticket.branch.push by agent/wake #109 @2026-09-20T02:25Z"
khala,20260920T010817Z-304273,runlog,2026-09-20T02:35Z,2026-09-20T02:53Z,17.8,f,0,0,0,0,0,18,1.012,agents working (no output yet),"labels at start: parked=9, paused=1, rework=1, todo=6 | executor-active-min=0 agent-active-min=18 human-msgs-min=0 | last progress: tel:dispatch by daemon #109 @2026-09-20T02:35Z | next progress: wake:ticket.branch.push by agent/wake #109 @2026-09-20T02:53Z"
khala,20260920T010817Z-304273,runlog,2026-09-20T03:34Z,2026-09-22T15:42Z,3607.7,b,0,3039,558,0,0,11,0.277,waiting on Executor [stale (all >24h)]: paused,"wake system.fleet.capacity.backoff -> system.fleet.capacity.resumed (2026-09-20T18:35Z->2026-09-20T18:36Z) | wake system.fleet.capacity.backoff -> system.fleet.capacity.resumed (2026-09-20T18:41Z->2026-09-20T18:46Z) | labels at start: parked=9, paused=1, todo=6 | executor-active-min=9 agent-active-min=1 human-msgs-min=25 | last progress: wake:ticket.pr.merged by agent/wake #109 @2026-09-20T03:34Z | next progress: pr:opened by its-everdred #pr131 @2026-09-24T18:59Z"
khala,20260924T184803Z-23735,runlog,2026-09-24T19:06Z,2026-09-24T19:22Z,16.5,f,0,0,0,0,0,16,0.972,agents working (no output yet),"labels at start: in-progress=1, parked=9, paused=1, todo=6 | executor-active-min=3 agent-active-min=16 human-msgs-min=1 | last progress: exec:control by executor # @2026-09-24T19:06Z | next progress: wake:ticket.branch.push by agent/wake #132 @2026-09-24T19:22Z"
khala,20260924T231144Z-2563251,runlog,2026-09-24T23:36Z,2026-09-25T00:22Z,46.3,c,14,0,21,0,0,11,0.994,Executor active on this repo while dispatchable work sat undispatched (stranded),"labels at start: human-review=10, parked=10, paused=1, rework=1, todo=10 | human-review tickets (age h): #163(0) #144(0) #166(0) #165(0) #138(0) | executor-active-min=2 agent-active-min=1 human-msgs-min=0 | last progress: gh:unlabeled:agent:in-progress by its-applekid #163 @2026-09-24T23:36Z | next progress: exec:control by executor # @2026-09-25T00:22Z"
khala,20260925T042508Z-193656,runlog,2026-09-25T04:41Z,2026-09-25T05:35Z,53.8,f,0,0,0,0,0,54,1.004,agents working (no output yet),"labels at start: parked=11, paused=1, todo=79 | executor-active-min=3 agent-active-min=54 human-msgs-min=0 | last progress: tel:dispatch by daemon #203 @2026-09-25T04:41Z | next progress: wake:ticket.branch.push by agent/wake #200 @2026-09-25T05:35Z"
khala,20260925T042508Z-193656,runlog,2026-09-25T05:56Z,2026-09-25T06:41Z,44.2,f,0,0,0,0,0,45,1.017,agents working (no output yet),"labels at start: in-progress=3, parked=11, paused=1, todo=74 | executor-active-min=3 agent-active-min=45 human-msgs-min=0 | last progress: comment by its-applekid #194 @2026-09-25T05:56Z | next progress: wake:ticket.branch.push by agent/wake #183 @2026-09-25T06:41Z"
khala,20260925T042508Z-193656,runlog,2026-09-25T08:59Z,2026-09-25T09:28Z,28.6,f,0,0,0,0,0,29,1.015,agents working (no output yet),"labels at start: human-review=7, in-progress=1, parked=11, paused=1, rework=1, todo=60 | human-review tickets (age h): #244(0) #245(0) #243(0) #207(0) #256(0) | executor-active-min=0 agent-active-min=4 human-msgs-min=0 | last progress: wake:ticket.pr.ready_for_review by agent/wake #244 @2026-09-25T08:59Z | next progress: tel:dispatch by daemon #195 @2026-09-25T09:28Z"
khala,20260925T042508Z-193656,runlog,2026-09-25T09:31Z,2026-09-25T12:08Z,157.4,f,0,0,0,0,0,157,0.623,agents working (no output yet),"wake ticket.agent.attention.codex-usage-limit ticket 201 (2026-09-25T12:06Z->2026-09-25T12:07Z) | labels at start: human-review=8, in-progress=1, parked=11, paused=1, todo=60 | human-review tickets (age h): #195(0) #244(1) #245(1) #243(1) #207(1) | executor-active-min=0 agent-active-min=22 human-msgs-min=1 | last progress: gh:unlabeled:agent:rework by its-applekid #195 @2026-09-25T09:31Z | next progress: tel:dispatch by daemon #201 @2026-09-25T12:08Z"
khala,20260925T042508Z-193656,runlog,2026-09-25T12:08Z,2026-09-25T21:59Z,590.2,b,0,573,6,0,0,12,0.142,waiting on Executor [fresh (<24h)]: human-review+paused,"wake ticket.agent.attention.codex-usage-limit ticket 201 (2026-09-25T12:21Z->2026-09-25T18:21Z) | wake ticket.agent.attention.codex-usage-limit ticket 201 (2026-09-25T12:36Z->2026-09-25T18:36Z) | labels at start: human-review=8, in-progress=1, parked=11, paused=1, todo=60 | human-review tickets (age h): #195(3) #244(3) #245(3) #243(3) #207(3) | executor-active-min=1 agent-active-min=2 human-msgs-min=0 | last progress: tel:dispatch by daemon #201 @2026-09-25T12:08Z | next progress: comment by its-everdred #201 @2026-09-25T21:59Z"
khala,20260925T042508Z-193656,runlog,2026-09-25T22:59Z,2026-09-25T23:29Z,30.1,b,0,14,5,0,0,11,0.995,waiting on Executor [fresh (<24h)]: error+human-review+paused,"wake system.fleet.capacity.starved @2026-09-25T22:29Z, no resolution before boot end 2026-09-26T05:20Z (2026-09-25T22:29Z->2026-09-26T05:20Z) | labels at start: error=18, human-review=3, in-progress=1, parked=11, paused=1, todo=45 | human-review tickets (age h): #243(0) #244(0) #245(1) | executor-active-min=0 agent-active-min=1 human-msgs-min=0 | last progress: gh:unlabeled:agent:in-progress by its-applekid #212 @2026-09-25T22:59Z | next progress: exec:control by executor # @2026-09-25T23:29Z"
khala,20260925T042508Z-193656,runlog,2026-09-26T02:13Z,2026-09-26T02:36Z,23.8,f,0,0,0,0,0,23,0.967,agents working (no output yet),"wake system.fleet.capacity.starved @2026-09-25T22:29Z, no resolution before boot end 2026-09-26T05:20Z (2026-09-25T22:29Z->2026-09-26T05:20Z) | Executor transcript ""You've hit your session limit"" 2026-09-26T02:01Z (reset 2026-09-26T03:40Z) | labels at start: human-review=1, in-progress=11, parked=13, rework=3, todo=30 | human-review tickets (age h): #255(0) | executor-active-min=4 agent-active-min=23 human-msgs-min=0 | last progress: wake:ticket.pr.opened by agent/wake #298 @2026-09-26T02:13Z | next progress: wake:ticket.branch.push by agent/wake #298 @2026-09-26T02:36Z"
khala,20260925T042508Z-193656,runlog,2026-09-26T02:42Z,2026-09-26T03:43Z,60.9,d,0,0,0,49,0,12,1.001,Executor session limit (Claude Code),"wake system.fleet.capacity.starved @2026-09-25T22:29Z, no resolution before boot end 2026-09-26T05:20Z (2026-09-25T22:29Z->2026-09-26T05:20Z) | Executor transcript ""You've hit your session limit"" 2026-09-26T02:01Z (reset 2026-09-26T03:40Z) | labels at start: human-review=1, in-progress=11, parked=13, rework=3, todo=30 | human-review tickets (age h): #255(1) | executor-active-min=9 agent-active-min=2 human-msgs-min=1 | last progress: tel:dispatch by daemon #298 @2026-09-26T02:42Z | next progress: gh:labeled:agent:in-progress by its-applekid #185 @2026-09-26T03:43Z"
khala,20260926T055641Z-1318024,runlog,2026-09-26T07:14Z,2026-09-26T08:42Z,88.3,d,0,0,0,65,0,23,0.996,Executor session limit (Claude Code),"wake ticket.agent.attention.paused-usage_limit_exhausted ticket 48 (2026-09-26T07:15Z->2026-09-26T07:16Z) | wake ticket.agent.attention.paused-usage_limit_exhausted ticket 215 (2026-09-26T07:15Z->2026-09-26T07:16Z) | Executor transcript ""You've hit your session limit"" 2026-09-26T07:15Z (reset 2026-09-26T08:40Z) | labels at start: ci-wait=3, human-review=1, in-progress=3, parked=15, rework=3, todo=11 | human-review tickets (age h): #231(1) | executor-active-min=12 agent-active-min=8 human-msgs-min=1 | last progress: comment by its-everdred #48 @2026-09-26T07:14Z | next progress: comment by its-applekid #374 @2026-09-26T08:42Z"
private-multisig (private),private-run-1,runlog,2026-09-15T01:32Z,2026-09-15T01:58Z,26.4,f,0,0,0,0,0,26,0.985,agents working,private — omitted
private-multisig (private),private-run-2,runlog,2026-09-15T03:39Z,2026-09-15T05:02Z,83.0,f,0,0,0,0,0,83,1.0,agents working,private — omitted
private-multisig (private),private-run-2,runlog,2026-09-15T05:21Z,2026-09-15T05:42Z,21.2,f,0,4,6,0,0,11,0.993,agents working,private — omitted
private-multisig (private),private-run-2,runlog,2026-09-15T06:49Z,2026-09-15T07:17Z,28.1,f,0,0,0,0,0,28,0.996,agents working,private — omitted
private-multisig (private),private-run-2,runlog,2026-09-15T07:22Z,2026-09-15T10:53Z,211.2,f,0,45,5,0,0,161,0.999,agents working,private — omitted
private-multisig (private),private-run-2,runlog,2026-09-15T12:51Z,2026-09-15T13:11Z,20.4,f,0,0,0,0,0,20,0.98,agents working,private — omitted
private-multisig (private),private-run-2,runlog,2026-09-15T13:11Z,2026-09-15T13:29Z,17.2,f,0,0,0,0,0,18,1.045,agents working,private — omitted
private-multisig (private),private-run-2,runlog,2026-09-15T13:37Z,2026-09-15T13:53Z,16.2,f,0,0,0,0,0,16,0.987,agents working,private — omitted
private-multisig (private),private-run-2,runlog,2026-09-15T13:53Z,2026-09-15T14:20Z,26.4,f,0,0,0,0,0,27,1.023,agents working,private — omitted
private-multisig (private),private-run-2,runlog,2026-09-15T14:33Z,2026-09-15T15:19Z,46.2,f,0,0,0,0,0,46,0.997,agents working,private — omitted
private-multisig (private),private-run-2,runlog,2026-09-15T15:26Z,2026-09-15T15:48Z,21.9,f,0,0,0,0,0,22,1.006,agents working,private — omitted
private-multisig (private),private-run-2,runlog,2026-09-15T15:48Z,2026-09-15T16:10Z,21.7,f,0,0,0,0,0,22,1.016,agents working,private — omitted
private-multisig (private),private-run-2,runlog,2026-09-15T16:10Z,2026-09-15T16:28Z,18.8,f,0,0,0,0,0,18,0.956,agents working,private — omitted
private-multisig (private),private-run-2,runlog,2026-09-15T16:53Z,2026-09-15T17:18Z,25.6,f,0,0,0,0,0,25,0.975,agents working,private — omitted
private-multisig (private),private-run-2,runlog,2026-09-15T17:19Z,2026-09-15T17:38Z,19.8,f,0,0,0,0,0,19,0.962,agents working,private — omitted
private-multisig (private),private-run-3,runlog,2026-09-16T15:16Z,2026-09-22T15:42Z,8665.8,e,0,0,0,2,8664,0,0.524,no work queued,private — omitted
